id,first_name,last_name,email,gender,country,city,state,car,date,cost
1,Haven,Sibthorpe,hsibthorpe0@globo.com,Female,Germany,Dresden,Sachsen,Taurus,2022-02-26,$469684.75
2,Quincey,Orehead,qorehead1@bloomberg.com,Male,China,Pingdingbu,,L-Series,2022-02-26,$333492.40
3,Zelig,Haborn,zhaborn2@csmonitor.com,Genderqueer,Burkina Faso,Houndé,,HS,2022-02-26,$550916.50
4,Abigail,Yoxen,ayoxen3@miibeian.gov.cn,Bigender,Peru,Cullhuas,,Previa,2022-02-26,$174908.09
5,Erminie,Chicken,echicken4@amazon.de,Non-binary,China,Haibeitou,,RAV4,2022-02-26,$400706.75
6,Constancy,Lally,clally5@taobao.com,Male,China,Shuangyang,,430 Scuderia,2022-02-26,$265554.31
7,Klaus,Bavidge,kbavidge6@mapquest.com,Female,Russia,Saransk,,Avalanche 1500,2022-02-26,$414308.68
8,Hamilton,Weerdenburg,hweerdenburg7@netlog.com,Female,Iran,Khonj,,MDX,2022-02-26,$168000.51
9,Nichols,Dance,ndance8@vinaora.com,Male,Russia,Chumikan,,VUE,2022-02-26,$308169.06
10,Cissiee,Titcumb,ctitcumb9@goo.gl,Male,Portugal,Sintra,Lisboa,Expedition EL,2022-02-26,$186477.63
11,Lisa,Simonelli,lsimonellia@t.co,Bigender,Indonesia,Parungjawa,,599 GTB Fiorano,2022-02-26,$532601.50
12,Friedrich,Manicom,fmanicomb@rakuten.co.jp,Female,Portugal,Raminho,Ilha Terceira,S-Class,2022-02-26,$421187.77
13,Dallon,Llewhellin,dllewhellinc@google.es,Female,Libya,Zalţan,,Passat,2022-02-26,$325401.18
14,Wes,Gepson,wgepsond@woothemes.com,Female,Oman,Bawshar,,Cabriolet,2022-02-26,$267770.66
15,Marjy,Allcorn,mallcorne@netlog.com,Male,China,Tuanfeng,,Land Cruiser,2022-02-26,$390856.15
16,Gard,Quarrington,gquarringtonf@ibm.com,Male,United States,Columbus,Ohio,Insight,2022-02-26,$490055.70
17,Tallulah,Iffland,tifflandg@freewebs.com,Female,China,Xihongmen,,Forenza,2022-02-26,$572130.54
18,Vinny,Lathwell,vlathwellh@seattletimes.com,Female,Paraguay,Pilar,,5 Series,2022-02-26,$419815.32
19,Livvyy,McCrie,lmccriei@hugedomains.com,Female,China,Dushang,,Daewoo Kalos,2022-02-26,$357127.22
20,Alasteir,Summerell,asummerellj@adobe.com,Non-binary,Tanzania,Singida,,4Runner,2022-02-26,$429246.17
21,Butch,Waltho,bwalthok@odnoklassniki.ru,Female,Brazil,Camocim,,CR-V,2022-02-26,$326432.00
22,Adelheid,Gillyett,agillyettl@yellowbook.com,Female,Indonesia,Mekarsari,,GTI,2022-02-26,$593036.73
23,Marlo,Biernacki,mbiernackim@reuters.com,Male,Peru,Alca,,Cayenne,2022-02-26,$290613.17
24,Shauna,Barwick,sbarwickn@moonfruit.com,Male,Greece,Samothráki,,Freestar,2022-02-26,$121015.48
25,Starlene,Kornilov,skornilovo@redcross.org,Female,Indonesia,Jabon,,Electra,2022-02-26,$321922.05
26,Patti,Brickner,pbricknerp@163.com,Male,Vietnam,Tiên Phước,,MR2,2022-02-26,$169101.67
27,Channa,Dudek,cdudekq@jigsy.com,Female,Nigeria,Isanlu Itedoijowa,,SLK-Class,2022-02-26,$508973.86
28,Naoma,Bamfield,nbamfieldr@jiathis.com,Polygender,Indonesia,Krajan Dua Sumbersari,,Tiburon,2022-02-26,$482207.77
29,Ximenes,Dunbar,xdunbars@patch.com,Polygender,Indonesia,Tenggun Dajah,,Grand Prix,2022-02-26,$350553.73
30,Meridith,McAlindon,mmcalindont@cbsnews.com,Male,Poland,Ostrów Mazowiecka,,C8,2022-02-26,$447265.43
31,Deva,Mcasparan,dmcasparanu@1688.com,Genderfluid,Indonesia,Pojok,,Pajero,2022-02-26,$478634.61
32,Nicolette,Farlambe,nfarlambev@usa.gov,Female,Czech Republic,Černá Hora,,Highlander,2022-02-26,$478388.08
33,Judie,Clouston,jcloustonw@amazonaws.com,Female,Philippines,San Isidro,,LaCrosse,2022-02-26,$273383.26
34,Gerald,O'Neill,goneillx@mashable.com,Male,Portugal,Paço,Viana do Castelo,S-Class,2022-02-26,$222964.00
35,Meier,Bernucci,mbernucciy@army.mil,Male,Jordan,Al Mazār,,S6,2022-02-26,$448215.70
36,Cecilius,Klimp,cklimpz@google.com.br,Male,Poland,Gostyń,,Corvette,2022-02-26,$266040.45
37,Teresina,Donohoe,tdonohoe10@examiner.com,Male,Portugal,Sernancelhe,Viseu,Marquis,2022-02-26,$553398.49
38,Petronilla,Vahey,pvahey11@edublogs.org,Female,China,Shuixi,,Karif,2022-02-26,$458734.45
39,Ruben,Kleinstern,rkleinstern12@elegantthemes.com,Male,Zambia,Nyimba,,CLS-Class,2022-02-26,$344216.91
40,Henrietta,Juliff,hjuliff13@oracle.com,Male,Finland,Iitti,,Spyder,2022-02-26,$557652.09
41,Ethelred,McIlwrick,emcilwrick14@deliciousdays.com,Agender,Finland,Malax,,LTD Crown Victoria,2022-02-26,$528200.07
42,Stormy,Keattch,skeattch15@globo.com,Genderfluid,Poland,Czyżowice,,Mustang,2022-02-26,$425412.91
43,Humfrid,Westmore,hwestmore16@shinystat.com,Female,Poland,Białaczów,,Wrangler,2022-02-26,$352828.67
44,Hatty,Ventam,hventam17@xrea.com,Female,Indonesia,Kertamukti,,MX-6,2022-02-26,$121977.77
45,Tiffy,Scoffham,tscoffham18@sciencedaily.com,Male,China,Dalazi,,Eclipse,2022-02-26,$250643.43
46,Odille,Exroll,oexroll19@mashable.com,Female,Brazil,São Bento do Sul,,XC90,2022-02-26,$351835.85
47,Simeon,Di Nisco,sdinisco1a@newsvine.com,Female,Portugal,Seixal,Lisboa,Cavalier,2022-02-26,$487862.89
48,Rubie,Acomb,racomb1b@vkontakte.ru,Male,Dominican Republic,Monte Plata,,Liberty,2022-02-26,$301183.02
49,Oralle,Fulun,ofulun1c@seattletimes.com,Female,Vietnam,Thành Phố Phủ Lý,,Park Avenue,2022-02-26,$264426.83
50,Bennie,Brockley,bbrockley1d@technorati.com,Genderqueer,Slovenia,Verd,,Corolla,2022-02-26,$110044.01
51,Zak,Bedding,zbedding1e@google.it,Male,Cyprus,Mesógi,,W201,2022-02-26,$401195.58
52,Cordelia,Sparry,csparry1f@army.mil,Female,Canada,Omemee,Ontario,Sequoia,2022-02-26,$457387.77
53,Daron,Lampkin,dlampkin1g@google.com,Female,Comoros,Itsandzéni,,LHS,2022-02-26,$176974.96
54,Vicki,Spaxman,vspaxman1h@amazonaws.com,Male,France,Noyelles-sous-Lens,Nord-Pas-de-Calais,Monte Carlo,2022-02-26,$210436.69
55,Hartley,Trytsman,htrytsman1i@woothemes.com,Male,Indonesia,Sukamulya,,Starion,2022-02-26,$149000.13
56,Eliot,Tzuker,etzuker1j@360.cn,Genderfluid,China,Baicheng,,Navajo,2022-02-26,$452042.67
57,Trude,Dunleavy,tdunleavy1k@hhs.gov,Male,Kazakhstan,Zhosaly,,Camry,2022-02-26,$479349.56
58,Jilly,Iacovone,jiacovone1l@wix.com,Female,Brazil,Santarém,,CL,2022-02-26,$165981.48
59,Chelsy,Huzzey,chuzzey1m@washington.edu,Female,Indonesia,Canga’an,,Yukon,2022-02-26,$502917.34
60,Adolphus,Loughan,aloughan1n@accuweather.com,Male,China,Shimen,,Rally Wagon 1500,2022-02-26,$339026.09
61,Jeramey,Bridgestock,jbridgestock1o@simplemachines.org,Female,United States,Washington,District of Columbia,Suburban 1500,2022-02-26,$416826.41
62,Laural,Del Castello,ldelcastello1p@alexa.com,Female,Indonesia,Makale,,Express 2500,2022-02-26,$126631.82
63,Max,Wormstone,mwormstone1q@yandex.ru,Male,United States,Salt Lake City,Utah,88,2022-02-26,$239876.94
64,Brannon,Flatte,bflatte1r@bluehost.com,Female,Indonesia,Serang,,Seville,2022-02-26,$225232.35
65,Alan,Jackman,ajackman1s@sbwire.com,Female,Thailand,Surin,,Altima,2022-02-26,$237954.75
66,Valeria,Holworth,vholworth1t@eventbrite.com,Genderfluid,Japan,Nemuro,,Bronco II,2022-02-26,$557111.65
67,Cherilynn,Sotheby,csotheby1u@hp.com,Female,Portugal,Veiros,Aveiro,Corvette,2022-02-26,$131391.65
68,Tadeas,Lillo,tlillo1v@tinyurl.com,Female,Brazil,Pedro Leopoldo,,Intrepid,2022-02-26,$239763.44
69,Felicdad,Durber,fdurber1w@deviantart.com,Female,Bosnia and Herzegovina,Ljubuški,,Grand Am,2022-02-26,$176350.39
70,Amalea,Matthewes,amatthewes1x@psu.edu,Female,Portugal,Tabuadelo,Braga,VehiCROSS,2022-02-26,$232229.69
71,Ruggiero,Orwin,rorwin1y@mayoclinic.com,Female,Peru,Pomahuaca,,7 Series,2022-02-26,$164352.43
72,Lacy,Brister,lbrister1z@mtv.com,Female,Colombia,Campoalegre,,Catera,2022-02-26,$432958.57
73,Ekaterina,Anders,eanders20@mediafire.com,Male,Armenia,T’azagyugh,,Rainier,2022-02-26,$394177.75
74,Baily,McCumskay,bmccumskay21@amazon.com,Female,Brazil,Santa Rita,,Malibu,2022-02-26,$315819.94
75,Tedi,Laden,tladen22@blogs.com,Female,Indonesia,Welibo,,Jetta,2022-02-26,$461476.13
76,Miles,Jaime,mjaime23@discovery.com,Male,Mauritania,Zouérat,,Taurus,2022-02-26,$473437.45
77,Claretta,Ivain,civain24@netlog.com,Male,Japan,Urayasu,,Suburban 2500,2022-02-26,$572876.59
78,Car,MacNeilley,cmacneilley25@slashdot.org,Female,Indonesia,Cipanggung,,CL-Class,2022-02-26,$150986.90
79,Verna,Santori,vsantori26@ox.ac.uk,Female,China,Qianpai,,Blazer,2022-02-26,$242959.41
80,Dalis,Lau,dlau27@fotki.com,Female,Argentina,Saladas,,Impreza,2022-02-26,$285004.29
81,Claire,Bardey,cbardey28@prweb.com,Female,Philippines,Tanza,,Discovery,2022-02-26,$366343.83
82,Mimi,Summerskill,msummerskill29@nps.gov,Male,Canada,Brampton,Ontario,Accord,2022-02-26,$367597.42
83,Augustina,Balharrie,abalharrie2a@census.gov,Female,Venezuela,Santa María de Caparo,,Montero,2022-02-26,$374011.43
84,Rollo,Boston,rboston2b@e-recht24.de,Male,Venezuela,San Francisco,,XJ,2022-02-26,$147905.26
85,Cloe,Liebermann,cliebermann2c@tumblr.com,Female,China,Jitian,,Grand Am,2022-02-26,$584635.35
86,Vicky,Milthorpe,vmilthorpe2d@jimdo.com,Male,Laos,Ban Houayxay,,CX-9,2022-02-26,$412323.34
87,Mattie,Gabriely,mgabriely2e@desdev.cn,Male,Kazakhstan,Ekibastuz,,LS,2022-02-26,$193513.57
88,Torey,Antosik,tantosik2f@youtube.com,Female,Sweden,Bandhagen,Stockholm,Club Wagon,2022-02-26,$588556.41
89,Carolina,Heathcott,cheathcott2g@unc.edu,Male,Tanzania,Kintinku,,Grand Marquis,2022-02-26,$289097.73
90,Udale,Jacquemard,ujacquemard2h@163.com,Male,Portugal,Ermida,Coimbra,Aurora,2022-02-26,$524831.84
91,Anna-diane,St. Queintain,astqueintain2i@abc.net.au,Male,China,Jiaxing,,500E,2022-02-26,$177033.36
92,Maren,Marcu,mmarcu2j@imdb.com,Female,Gambia,Dankunku,,Q,2022-02-26,$149204.85
93,Nevil,Derges,nderges2k@buzzfeed.com,Female,Indonesia,Langsepan,,Suburban 1500,2022-02-26,$588368.40
94,Jan,Kloser,jkloser2l@noaa.gov,Male,Czech Republic,Klenčí pod Čerchovem,,Wrangler,2022-02-26,$480430.99
95,Neely,Garnsworthy,ngarnsworthy2m@unblog.fr,Female,Chad,Moussoro,,Savana 2500,2022-02-26,$579486.79
96,Thorsten,Aasaf,taasaf2n@reuters.com,Female,Pakistan,Shahkot,,GTI,2022-02-26,$206356.45
97,Alyssa,Basham,abasham2o@google.co.uk,Male,China,Jiwei,,SL-Class,2022-02-26,$569263.35
98,Anet,Skerrett,askerrett2p@walmart.com,Male,France,Goussainville,Île-de-France,Town & Country,2022-02-26,$334158.32
99,Nicki,McCandless,nmccandless2q@histats.com,Female,Russia,Kalanguy,,STS,2022-02-26,$394724.80
100,Alfonso,Bradshaw,abradshaw2r@deviantart.com,Male,China,Kouzhen,,Leganza,2022-02-26,$314638.54
101,Vikky,Dennington,vdennington2s@friendfeed.com,Male,Bolivia,Villa Serrano,,Insight,2022-02-26,$342079.77
102,Ivan,Kringe,ikringe2t@imgur.com,Female,Nigeria,Awka,,S40,2022-02-26,$320629.06
103,Mill,Braikenridge,mbraikenridge2u@comsenz.com,Female,Sweden,Jönköping,Jönköping,Malibu,2022-02-26,$527687.09
104,Herculie,Sadd,hsadd2v@hao123.com,Female,China,Jiangzhou,,Passat,2022-02-26,$200969.82
105,Julian,Shawdforth,jshawdforth2w@sina.com.cn,Genderfluid,Bangladesh,Rājshāhi,,Express 3500,2022-02-26,$269266.52
106,Gabriela,Clawe,gclawe2x@tripadvisor.com,Female,United States,Young America,Minnesota,New Beetle,2022-02-26,$149742.78
107,Donn,Flisher,dflisher2y@csmonitor.com,Female,China,Wuhu,,V8 Vantage,2022-02-26,$199586.63
108,Sergio,Leneham,sleneham2z@mysql.com,Male,Serbia,Voždovac,,Accent,2022-02-26,$310170.50
109,Cherri,Magister,cmagister30@pagesperso-orange.fr,Female,Kosovo,Strellc i Epërm,,Leone,2022-02-26,$551372.15
110,Eddy,Boichat,eboichat31@census.gov,Female,China,Cengjia,,Suburban 2500,2022-02-26,$258530.22
111,Agnese,Saddler,asaddler32@constantcontact.com,Female,Japan,Ōyama,,Mazda6,2022-02-26,$448058.02
112,Tania,Siveyer,tsiveyer33@google.com,Female,Ukraine,Nikopol’,,Grand Caravan,2022-02-26,$264427.99
113,Ted,Ateridge,tateridge34@ocn.ne.jp,Male,Sweden,Åtvidaberg,Östergötland,Esprit,2022-02-26,$473408.71
114,Kit,Cowlishaw,kcowlishaw35@devhub.com,Male,Sweden,Torsby,Värmland,Grand Prix,2022-02-26,$521416.09
115,April,Ruhben,aruhben36@adobe.com,Genderqueer,Morocco,Sidi Smaïl,,Cabriolet,2022-02-26,$437118.25
116,Marcelle,Grigoryev,mgrigoryev37@netvibes.com,Female,China,Muhur,,Quattroporte,2022-02-26,$188874.99
117,Aaron,Stocks,astocks38@icq.com,Female,Indonesia,Doropeti,,Fox,2022-02-26,$443006.24
118,Bee,Heyworth,bheyworth39@ted.com,Male,United States,Pasadena,California,Accord,2022-02-26,$133206.21
119,Gideon,Ormonde,gormonde3a@baidu.com,Male,China,Chengmen,,SSR,2022-02-26,$351258.33
120,Vincent,Standon,vstandon3b@huffingtonpost.com,Female,China,Huangshui,,Town & Country,2022-02-26,$456227.57
121,Bengt,Crouch,bcrouch3c@ebay.co.uk,Female,Belarus,Kosava,,XC90,2022-02-26,$345611.74
122,Jayson,Attard,jattard3d@ifeng.com,Bigender,Poland,Brudzeń Duży,,Mark LT,2022-02-26,$357776.45
123,Ruben,Astlett,rastlett3e@ustream.tv,Male,South Korea,Yesan,,Frontier,2022-02-26,$433360.17
124,Danyette,Anderton,danderton3f@livejournal.com,Female,Poland,Brzozów,,Impreza,2022-02-26,$539700.95
125,Layla,Krook,lkrook3g@ox.ac.uk,Female,Philippines,Guadalupe,,911,2022-02-26,$558107.07
126,Mommy,Duns,mduns3h@freewebs.com,Female,Azerbaijan,Lankaran,,Intrepid,2022-02-26,$156168.67
127,Flo,Jurgen,fjurgen3i@twitpic.com,Male,Honduras,La Estancia,,S-Series,2022-02-26,$329478.09
128,Sinclair,De Simone,sdesimone3j@wordpress.com,Male,Colombia,Sampués,,X-Type,2022-02-26,$200705.56
129,Kate,Hanlon,khanlon3k@constantcontact.com,Male,China,Zhangcheng,,Imperial,2022-02-26,$345217.75
130,Leodora,Plane,lplane3l@nature.com,Female,Philippines,Malabugas,,Tacoma,2022-02-26,$227030.61
131,Worth,Witherop,wwitherop3m@zimbio.com,Female,Indonesia,Ciputih,,W201,2022-02-26,$376791.62
132,Amby,Kembry,akembry3n@indiegogo.com,Male,Nigeria,Wagini,,4Runner,2022-02-26,$108907.03
133,Valentino,Grishkov,vgrishkov3o@redcross.org,Female,Indonesia,Nangewer,,Firebird,2022-02-26,$596706.95
134,Sutherland,Pinkney,spinkney3p@springer.com,Female,Indonesia,Cikujang,,EXP,2022-02-26,$180155.64
135,Ceciley,Gagie,cgagie3q@elegantthemes.com,Female,Chile,Las Animas,,Legend,2022-02-26,$311133.01
136,Augusta,Reiglar,areiglar3r@illinois.edu,Male,China,Xiyuan,,Mustang,2022-02-26,$306932.55
137,Eustacia,Peevor,epeevor3s@amazon.co.jp,Female,Indonesia,Tegalgede,,TL,2022-02-26,$502179.92
138,Minni,Mapples,mmapples3t@latimes.com,Male,France,Villeurbanne,Rhône-Alpes,Mini Cooper S,2022-02-26,$236092.82
139,Bessie,Cowthard,bcowthard3u@fda.gov,Female,Argentina,Chajarí,,Fortwo,2022-02-26,$255766.92
140,Gael,Maleby,gmaleby3v@scientificamerican.com,Genderfluid,China,Mozhong,,Contour,2022-02-26,$182025.47
141,Doe,Rawe,drawe3w@hao123.com,Female,Indonesia,Dukoh,,DB9,2022-02-26,$202883.77
142,Carine,Reckhouse,creckhouse3x@yale.edu,Male,Thailand,Phuket,,Explorer Sport Trac,2022-02-26,$428453.87
143,Eachelle,Tregoning,etregoning3y@youtu.be,Female,Indonesia,Panggungrejo,,S-Class,2022-02-26,$162768.37
144,Christye,Chappel,cchappel3z@theguardian.com,Female,China,Shang Boingor,,TL,2022-02-26,$562927.51
145,Vaughan,Blagdon,vblagdon40@lulu.com,Agender,Sweden,Linköping,Östergötland,Cougar,2022-02-26,$540248.39
146,Maddy,Boissier,mboissier41@hexun.com,Male,Nigeria,New Shagunnu,,Tacoma,2022-02-26,$487200.40
147,Bettye,Wayper,bwayper42@forbes.com,Non-binary,Poland,Rajsko,,2500 Club Coupe,2022-02-26,$239358.41
148,Leela,Mattheus,lmattheus43@privacy.gov.au,Male,Philippines,Concepcion,,M6,2022-02-26,$419858.07
149,Jessie,Hagart,jhagart44@tuttocitta.it,Male,Canada,Penticton,British Columbia,3 Series,2022-02-26,$138977.81
150,Joey,Tumbelty,jtumbelty45@bravesites.com,Male,China,Huoshaoping,,Diablo,2022-02-26,$322870.74
151,Roxine,Stapleton,rstapleton46@dailymail.co.uk,Female,Tunisia,Gabès,,Firefly,2022-02-26,$354539.07
152,Serena,Howie,showie47@surveymonkey.com,Male,Russia,Nar'yan-Mar,,Silverado 3500,2022-02-26,$466912.97
153,Gaultiero,Sanpere,gsanpere48@unesco.org,Female,France,Maisons-Alfort,Île-de-France,Ram 2500,2022-02-26,$133091.49
154,Dal,Knowlden,dknowlden49@blinklist.com,Male,Argentina,El Galpón,,Regency,2022-02-26,$410651.69
155,Ashlan,Petschelt,apetschelt4a@bloomberg.com,Female,Indonesia,Dahu,,Charger,2022-02-26,$213931.80
156,Phillie,Artis,partis4b@shareasale.com,Female,Mexico,San Isidro,Durango,Civic,2022-02-26,$309276.37
157,Blondy,Gallymore,bgallymore4c@a8.net,Male,Czech Republic,Krumvíř,,Golf,2022-02-26,$345109.20
158,Brendis,Sparshett,bsparshett4d@forbes.com,Male,Indonesia,Dadap,,CR-V,2022-02-26,$350729.95
159,Jennifer,Tilbey,jtilbey4e@merriam-webster.com,Male,New Zealand,Kelburn,,5 Series,2022-02-26,$287398.10
160,Porter,Hartil,phartil4f@behance.net,Male,Portugal,Campanário,Ilha da Madeira,Eclipse,2022-02-26,$424224.46
161,Nicholle,Uman,numan4g@harvard.edu,Male,Indonesia,Sembungin,,Park Avenue,2022-02-26,$528282.03
162,Keslie,Akeherst,kakeherst4h@macromedia.com,Female,Brazil,Barra do Piraí,,Prizm,2022-02-26,$463531.92
163,Ware,Exall,wexall4i@yolasite.com,Female,Russia,Sovetskaya,,TrailBlazer,2022-02-26,$594867.43
164,Aimil,Folkard,afolkard4j@wufoo.com,Female,Philippines,Balagon,,Element,2022-02-26,$348687.58
165,Kerri,McTurley,kmcturley4k@wikia.com,Male,China,Jieshou,,Tundra,2022-02-26,$227040.51
166,Katy,Caramuscia,kcaramuscia4l@hhs.gov,Female,Colombia,Pedraza,,G3,2022-02-26,$220283.32
167,William,Creaney,wcreaney4m@i2i.jp,Female,Indonesia,Mojokerto,,Genesis Coupe,2022-02-26,$350326.79
168,Blithe,Koppeck,bkoppeck4n@usgs.gov,Male,Philippines,San Rafael,,Torrent,2022-02-26,$346580.65
169,Robin,Heasman,rheasman4o@so-net.ne.jp,Polygender,China,Shaxi,,Sportvan G20,2022-02-26,$345018.16
170,Barbi,Manwell,bmanwell4p@home.pl,Female,Indonesia,Pandanwangi,,X6,2022-02-26,$222671.30
171,Noah,Bruins,nbruins4q@prnewswire.com,Female,Finland,Tarvasjoki,,Viper,2022-02-26,$477373.64
172,Pandora,Leyrroyd,pleyrroyd4r@sphinn.com,Male,Kyrgyzstan,Naryn,,Silverado 1500,2022-02-26,$144480.63
173,Milka,Harkus,mharkus4s@i2i.jp,Female,Sweden,Örebro,Örebro,Liberty,2022-02-26,$101717.67
174,Byram,Trustie,btrustie4t@forbes.com,Female,Myanmar,Bhamo,,M5,2022-02-26,$265700.70
175,Allene,Dowsey,adowsey4u@sciencedaily.com,Female,Brazil,Santa Rosa de Viterbo,,Xterra,2022-02-26,$494662.33
176,Paddy,Ridolfi,pridolfi4v@smugmug.com,Male,Vietnam,Thị Trấn Ngải Giao,,MKS,2022-02-26,$239099.27
177,Clayborne,Brasse,cbrasse4w@ning.com,Female,Afghanistan,Mandōl,,Tucson,2022-02-26,$567867.43
178,Maxim,Flicker,mflicker4x@pbs.org,Female,Thailand,Lao Suea Kok,,Ciera,2022-02-26,$431823.83
179,Gwendolen,Toffel,gtoffel4y@japanpost.jp,Female,Philippines,Lunas,,Panamera,2022-02-26,$150469.75
180,Bernadene,Lowings,blowings4z@exblog.jp,Male,China,Qinghu,,Mustang,2022-02-26,$117835.85
181,Tabb,Fairley,tfairley50@comsenz.com,Male,Philippines,Sagbayan,,Justy,2022-02-26,$280300.57
182,Anestassia,Savege,asavege51@pcworld.com,Male,China,Jiacun,,Coupe GT,2022-02-26,$300339.58
183,Coreen,Burmingham,cburmingham52@walmart.com,Female,Russia,Sosnovka,,G-Class,2022-02-26,$532135.91
184,Hedvig,Clarae,hclarae53@jimdo.com,Male,Portugal,Carrasqueira,Leiria,Maxima,2022-02-26,$519355.10
185,Rosene,Hounsome,rhounsome54@freewebs.com,Agender,Philippines,Valencia,,M,2022-02-26,$565977.49
186,Angie,Aldwinckle,aaldwinckle55@squarespace.com,Female,South Africa,Randfontein,,iQ,2022-02-26,$375162.29
187,Myca,Greber,mgreber56@archive.org,Male,China,Lipu,,Aries,2022-02-26,$369097.12
188,Lory,Trevaskiss,ltrevaskiss57@go.com,Male,Portugal,Seiça,Santarém,Silhouette,2022-02-26,$266252.74
189,Gustaf,Maharg,gmaharg58@indiatimes.com,Male,Malaysia,Kuantan,Pahang,LTD Crown Victoria,2022-02-26,$407239.45
190,Pamella,Colleton,pcolleton59@wikia.com,Female,Poland,Węgorzyno,,SJ 410,2022-02-26,$266455.62
191,Grange,Merwood,gmerwood5a@pbs.org,Male,Burkina Faso,Tenkodogo,,928,2022-02-26,$457638.48
192,Henri,Echallie,hechallie5b@smh.com.au,Female,Poland,Ponikiew,,Probe,2022-02-26,$544663.92
193,Malynda,Lammas,mlammas5c@nymag.com,Male,Philippines,Beddeng,,Civic,2022-02-26,$549071.29
194,Sigismund,Blunt,sblunt5d@google.ca,Female,Ivory Coast,Séguéla,,LeSabre,2022-02-26,$106612.87
195,Deonne,Rheubottom,drheubottom5e@cornell.edu,Male,Belarus,Nyakhachava,,Spectra,2022-02-26,$278885.09
196,Wally,Dennitts,wdennitts5f@nationalgeographic.com,Male,Venezuela,Anaco,,Caliber,2022-02-26,$213734.44
197,Bartram,Mewhirter,bmewhirter5g@alibaba.com,Male,China,Xuyong,,Thunderbird,2022-02-26,$569910.48
198,Antony,Kingswood,akingswood5h@businessinsider.com,Male,China,Henghe,,Eos,2022-02-26,$164742.18
199,Alasdair,Hollow,ahollow5i@weibo.com,Female,China,Wanglian,,Eclipse,2022-02-26,$432686.68
200,Lilia,Kiddy,lkiddy5j@census.gov,Male,France,Béziers,Languedoc-Roussillon,Murciélago,2022-02-26,$317828.00
201,Broddy,Fanthom,bfanthom5k@sbwire.com,Female,El Salvador,San Sebastián,,Sonata,2022-02-26,$527337.05
202,Fredericka,Burland,fburland5l@a8.net,Female,China,Nantang,,G35,2022-02-26,$357229.26
203,Bogey,Linstead,blinstead5m@alibaba.com,Female,Guatemala,San Luis,,SX4,2022-02-26,$578191.95
204,Margaux,Buntain,mbuntain5n@craigslist.org,Female,Italy,Milano,Lombardia,Grand Prix,2022-02-26,$105805.72
205,Pip,Worral,pworral5o@histats.com,Female,China,Huibu,,Endeavor,2022-02-26,$236059.09
206,Osbert,Powell,opowell5p@bbb.org,Female,Thailand,Yang Chum Noi,,EX,2022-02-26,$477096.52
207,Lucio,Mellodey,lmellodey5q@salon.com,Female,Poland,Bolszewo,,G37,2022-02-26,$209963.84
208,Harwell,Bartaletti,hbartaletti5r@samsung.com,Male,Peru,Canchaque,,9-3,2022-02-26,$358427.29
209,Halli,Chateau,hchateau5s@drupal.org,Female,Latvia,Varakļāni,,911,2022-02-26,$406940.72
210,Myrtice,Howden,mhowden5t@cnn.com,Male,Portugal,São Miguel,Porto,Cougar,2022-02-26,$479322.66
211,Malinda,Wilcott,mwilcott5u@mysql.com,Female,Greece,Kalí Vrýsi,,626,2022-02-26,$284681.44
212,Sileas,Boraston,sboraston5v@about.me,Female,Nepal,Janakpur,,Yukon XL 2500,2022-02-26,$517191.93
213,Laurena,Clewley,lclewley5w@biblegateway.com,Male,Angola,Huambo,,V40,2022-02-26,$516211.90
214,Berton,Gouge,bgouge5x@shinystat.com,Female,Canada,Swan Hills,Alberta,Edge,2022-02-26,$101562.89
215,Yelena,Dighton,ydighton5y@jiathis.com,Female,Russia,Likino-Dulevo,,MDX,2022-02-26,$582695.29
216,Fawnia,Crain,fcrain5z@mlb.com,Male,Estonia,Suure-Jaani,,Mountaineer,2022-02-26,$131151.45
217,Dara,Imlock,dimlock60@apple.com,Female,Bulgaria,Vidin,,Insight,2022-02-26,$338752.81
218,Adorne,Kimbury,akimbury61@spotify.com,Male,Sri Lanka,Kalmunai,,Celica,2022-02-26,$381474.50
219,Welby,Terzo,wterzo62@forbes.com,Male,Honduras,La Sarrosa,,SRX,2022-02-26,$251296.84
220,Leeland,Brunton,lbrunton63@ucsd.edu,Male,Pakistan,Chowki Jamali,,Odyssey,2022-02-26,$271518.35
221,Aguistin,Linklet,alinklet64@github.com,Male,Nicaragua,Diriá,,Coupe,2022-02-26,$253242.91
222,Gregoor,Bundey,gbundey65@studiopress.com,Male,China,Lihu,,Classic,2022-02-26,$371921.18
223,Eustacia,Josefsen,ejosefsen66@imdb.com,Male,Croatia,Primošten,,Camry,2022-02-26,$380176.78
224,Maridel,Zylberdik,mzylberdik67@people.com.cn,Female,Democratic Republic of the Congo,Mwene-Ditu,,XJ,2022-02-26,$174437.66
225,Lonna,Cothey,lcothey68@ezinearticles.com,Female,Indonesia,Tamianglayang,,Santa Fe,2022-02-26,$440262.41
226,Tobie,Shreve,tshreve69@taobao.com,Male,China,Houzhen,,XL-7,2022-02-26,$321610.40
227,Sim,Loft,sloft6a@independent.co.uk,Female,Greece,Dióni,,Envoy XUV,2022-02-26,$250926.78
228,Aryn,Armistead,aarmistead6b@timesonline.co.uk,Male,Croatia,Brijest,,CTS,2022-02-26,$384590.67
229,Lennie,Goade,lgoade6c@economist.com,Female,China,Gedaliang,,Savana 3500,2022-02-26,$349971.92
230,Marybeth,Dowbakin,mdowbakin6d@examiner.com,Female,France,Saint-Quentin-en-Yvelines,Île-de-France,2500,2022-02-26,$559460.76
231,Tess,Kleinsmuntz,tkleinsmuntz6e@ft.com,Male,Poland,Wilga,,IS F,2022-02-26,$147148.58
232,Corrie,Seleway,cseleway6f@exblog.jp,Female,Poland,Pułtusk,,Montero,2022-02-26,$108916.45
233,Matelda,Dunbobin,mdunbobin6g@over-blog.com,Female,Sweden,Jönköping,Jönköping,Grand Am,2022-02-26,$304672.76
234,Aubert,Scapelhorn,ascapelhorn6h@geocities.com,Male,China,Xiangcheng,,R-Class,2022-02-26,$582249.06
235,Kalle,Dockery,kdockery6i@hud.gov,Male,Poland,Kowalewo Pomorskie,,Fox,2022-02-26,$158648.91
236,Blondie,Oris,boris6j@stanford.edu,Female,Ecuador,Velasco Ibarra,,C-Class,2022-02-26,$462417.73
237,Constantina,Argyle,cargyle6k@marriott.com,Male,Peru,Carhuac,,Coupe,2022-02-26,$521124.40
238,Darryl,Horstead,dhorstead6l@state.tx.us,Female,China,Xiadian,,Eurovan,2022-02-26,$184245.54
239,Buddie,Yukhnev,byukhnev6m@wiley.com,Male,Cuba,San Luis,,Countryman,2022-02-26,$441837.32
240,Jillene,Issacoff,jissacoff6n@elpais.com,Female,China,Shitun,,911,2022-02-26,$570337.59
241,Eunice,Trenouth,etrenouth6o@google.it,Female,South Africa,Retreat,,CX-7,2022-02-26,$436835.86
242,Birdie,Knibb,bknibb6p@clickbank.net,Female,China,Shuanglong,,RAV4,2022-02-26,$142430.03
243,Elmore,Brangan,ebrangan6q@freewebs.com,Male,Indonesia,Sampangbitung,,Hombre,2022-02-26,$242962.34
244,Cari,Eggar,ceggar6r@shop-pro.jp,Female,Andorra,les Escaldes,,6000,2022-02-26,$226474.23
245,Montague,Makepeace,mmakepeace6s@so-net.ne.jp,Male,Canada,Mont-Royal,Québec,7 Series,2022-02-26,$102766.31
246,Brooks,Havile,bhavile6t@google.com.au,Male,Cuba,Palmira,,Escalade EXT,2022-02-26,$145194.84
247,Barbette,Josephoff,bjosephoff6u@taobao.com,Agender,Poland,Skoczów,,Savana,2022-02-26,$508796.72
248,Willyt,Martinuzzi,wmartinuzzi6v@netlog.com,Male,China,Heitan,,Q,2022-02-26,$389043.90
249,Ludvig,Champ,lchamp6w@ftc.gov,Male,Poland,Śmiłowo,,Dakota,2022-02-26,$420327.77
250,Berny,Perren,bperren6x@harvard.edu,Polygender,Niger,Zinder,,Esteem,2022-02-26,$107265.72
251,Serena,Aiken,saiken6y@odnoklassniki.ru,Male,Egypt,Qalyūb,,Camaro,2022-02-26,$101869.48
252,Nathanael,Casburn,ncasburn6z@apache.org,Male,China,Ruilin,,Insight,2022-02-26,$528774.36
253,Benny,Beange,bbeange70@storify.com,Female,Ukraine,Zhvanets,,Wrangler,2022-02-26,$159251.64
254,Alfie,Jolliman,ajolliman71@sina.com.cn,Male,Canada,Mercier,Québec,Highlander,2022-02-26,$458721.91
255,Broddie,Wallen,bwallen72@youtube.com,Female,Kazakhstan,Aktau,,LTD,2022-02-26,$439773.54
256,Yvonne,Cuell,ycuell73@techcrunch.com,Female,Vietnam,Thành phố Bạc Liêu,,MR2,2022-02-26,$105905.13
257,Nickolas,Ferreiro,nferreiro74@mail.ru,Female,Cayman Islands,East End,,Montero Sport,2022-02-26,$587031.83
258,Neilla,Crimpe,ncrimpe75@cornell.edu,Female,China,Meishan,,VehiCROSS,2022-02-26,$185467.75
259,Chery,Khomishin,ckhomishin76@harvard.edu,Female,Argentina,Tamberías,,S-Series,2022-02-26,$206943.84
260,Katleen,Duckhouse,kduckhouse77@meetup.com,Female,Poland,Ciechanowiec,,M-Class,2022-02-26,$549304.41
261,Clerissa,Barnsdall,cbarnsdall78@nhs.uk,Male,China,Huoshaodian,,F-Series,2022-02-26,$488571.58
262,Giraud,Scamadine,gscamadine79@amazon.co.jp,Female,Chad,Benoy,,Supra,2022-02-26,$234170.94
263,Ware,Scotchmoor,wscotchmoor7a@businesswire.com,Agender,Indonesia,Mangulewa,,Ram 2500,2022-02-26,$482775.76
264,Kasper,Reis,kreis7b@delicious.com,Non-binary,Sweden,Vetlanda,Jönköping,Mariner,2022-02-26,$335755.08
265,Paul,Smallpeice,psmallpeice7c@cdbaby.com,Male,North Korea,Musan-ŭp,,Blazer,2022-02-26,$168962.37
266,Stella,Rozalski,srozalski7d@blogs.com,Female,China,Erniusuokou,,626,2022-02-26,$325389.89
267,Omar,Minthorpe,ominthorpe7e@shareasale.com,Female,Brazil,Forquilhinha,,Voyager,2022-02-26,$430359.80
268,Deeyn,Drezzer,ddrezzer7f@qq.com,Male,Argentina,Termas de Río Hondo,,Grand Voyager,2022-02-26,$421723.98
269,Lyssa,Kilfedder,lkilfedder7g@cocolog-nifty.com,Female,Madagascar,Soavinandriana,,Cherokee,2022-02-26,$362596.20
270,Huntley,Dod,hdod7h@shareasale.com,Male,Mongolia,Tsagaanders,,Savana 3500,2022-02-26,$332890.28
271,Sayer,Colthard,scolthard7i@reddit.com,Male,Russia,Khotynets,,Yukon XL 2500,2022-02-26,$329854.57
272,Neddie,Thraves,nthraves7j@amazon.co.jp,Female,Botswana,Letsheng,,Murciélago,2022-02-26,$182220.10
273,Thornton,Mosley,tmosley7k@engadget.com,Polygender,Peru,Tabalosos,,Sportage,2022-02-26,$507249.99
274,Brandyn,Peris,bperis7l@nih.gov,Male,Poland,Strzelin,,Mazda5,2022-02-26,$584789.48
275,Parrnell,Jansey,pjansey7m@hexun.com,Male,Brazil,Santo Antônio de Pádua,,Ranger,2022-02-26,$155827.13
276,Christen,Hynard,chynard7n@constantcontact.com,Female,Moldova,Saharna,,FX,2022-02-26,$336059.32
277,Alwyn,Camings,acamings7o@cnbc.com,Male,Spain,Madrid,Madrid,Colorado,2022-02-26,$223472.31
278,Shelley,Strowthers,sstrowthers7p@sourceforge.net,Female,Peru,Tantamayo,,XL-7,2022-02-26,$503745.03
279,Maria,Drieu,mdrieu7q@columbia.edu,Agender,China,Menggusi,,Classic,2022-02-26,$321910.60
280,Bruce,Chappell,bchappell7r@deliciousdays.com,Female,Poland,Olsztynek,,E150,2022-02-26,$355427.51
281,Maggee,Felkin,mfelkin7s@bbc.co.uk,Male,Portugal,Castanheira do Campo,Coimbra,Nubira,2022-02-26,$102280.60
282,Domenico,Skeat,dskeat7t@thetimes.co.uk,Male,Brazil,Itaúna,,Montana,2022-02-26,$289047.38
283,Modesta,Quinnette,mquinnette7u@stumbleupon.com,Male,China,Baolong,,Corvette,2022-02-26,$411133.24
284,Nonah,Merriment,nmerriment7v@google.com.hk,Bigender,Philippines,Guijalo,,MR2,2022-02-26,$464960.46
285,Karon,Spelsbury,kspelsbury7w@pen.io,Male,China,Jincheng,,RX Hybrid,2022-02-26,$286914.71
286,Suzie,Abbado,sabbado7x@seattletimes.com,Male,South Korea,Sindong,,V8 Vantage S,2022-02-26,$561076.88
287,Billi,Darben,bdarben7y@chronoengine.com,Male,North Korea,Kanggye-si,,Civic Si,2022-02-26,$209893.41
288,Humfrey,Mounsey,hmounsey7z@yahoo.com,Female,Democratic Republic of the Congo,Lukolela,,Sonoma,2022-02-26,$439225.70
289,Geri,Scotsbrook,gscotsbrook80@plala.or.jp,Agender,China,Jintan,,Hombre,2022-02-26,$423134.68
290,Raine,Olenikov,rolenikov81@tinyurl.com,Female,Uzbekistan,Kosonsoy Shahri,,Ram 3500,2022-02-26,$272402.75
291,Lizzy,Dowyer,ldowyer82@blogger.com,Non-binary,Uruguay,Belén,,Allante,2022-02-26,$373624.05
292,Solly,Larmuth,slarmuth83@elpais.com,Female,Botswana,Mathambgwane,,Ram 2500,2022-02-26,$442854.62
293,Harv,Schade,hschade84@whitehouse.gov,Female,Kenya,Isiolo,,Neon,2022-02-26,$395286.47
294,Onofredo,Liggins,oliggins85@miibeian.gov.cn,Non-binary,Philippines,Layog,,4000s Quattro,2022-02-26,$398865.29
295,Nicolina,O'Calleran,nocalleran86@unc.edu,Male,Armenia,Yerevan,,Truck,2022-02-26,$103442.58
296,Reginald,Cleland,rcleland87@wisc.edu,Female,Kazakhstan,Rudnyy,,GS,2022-02-26,$261435.56
297,Celestine,Packe,cpacke88@sogou.com,Male,China,Lianhua,,Continental,2022-02-26,$157007.91
298,Claudie,Bleythin,cbleythin89@eventbrite.com,Male,Philippines,Guinsang-an,,Tribute,2022-02-26,$538561.64
299,Gareth,Hodges,ghodges8a@barnesandnoble.com,Male,Philippines,Uddiawan,,Savana 3500,2022-02-26,$539511.31
300,Brittney,Muslim,bmuslim8b@cargocollective.com,Female,United States,Columbus,Ohio,E-Class,2022-02-26,$567581.39
301,Shandy,Tulloch,stulloch8c@soup.io,Male,Sweden,Bollstabruk,Västernorrland,CL,2022-02-26,$412135.90
302,Jamison,Swanston,jswanston8d@feedburner.com,Male,Russia,Rzhev,,MKZ,2022-02-26,$494473.42
303,Lynde,Grave,lgrave8e@github.com,Female,Tunisia,El Jem,,Edge,2022-02-26,$168024.49
304,Winnie,Vescovo,wvescovo8f@live.com,Male,Russia,Serebryanyye Prudy,,Forenza,2022-02-26,$375754.41
305,Aileen,Escalante,aescalante8g@xrea.com,Male,Canada,Osoyoos,British Columbia,Ram 1500 Club,2022-02-26,$593601.70
306,Lauren,Vickarman,lvickarman8h@lulu.com,Female,Brazil,Descalvado,,Legend,2022-02-26,$113774.64
307,Dame,Shillaber,dshillaber8i@pcworld.com,Female,China,Baishi,,Catera,2022-02-26,$502014.83
308,Rockie,Shrubsall,rshrubsall8j@hao123.com,Male,Poland,Słubice,,F350,2022-02-26,$333479.64
309,Natalina,Gounard,ngounard8k@nasa.gov,Male,Indonesia,Tutem,,Eclipse,2022-02-26,$183184.36
310,Datha,McGlew,dmcglew8l@woothemes.com,Male,Peru,Ayna,,Titan,2022-02-26,$167093.38
311,Bentlee,Frugier,bfrugier8m@geocities.jp,Male,Argentina,General Alvear,,Previa,2022-02-26,$427135.75
312,Mirella,Ainger,mainger8n@fc2.com,Female,Argentina,Bella Vista,,Genesis Coupe,2022-02-26,$436488.55
313,Sarette,Charkham,scharkham8o@elegantthemes.com,Female,Bosnia and Herzegovina,Zborište,,Mirage,2022-02-26,$369826.47
314,Kandy,Doggrell,kdoggrell8p@wix.com,Male,Sweden,Falun,Dalarna,S60,2022-02-26,$464296.82
315,Phylis,Lerway,plerway8q@harvard.edu,Female,Indonesia,Radamata,,Cavalier,2022-02-26,$288565.35
316,Neville,Flacknoe,nflacknoe8r@umn.edu,Male,Mexico,Adolfo Lopez Mateos,Veracruz Llave,GLK-Class,2022-02-26,$599941.57
317,Olivero,Aherne,oaherne8s@si.edu,Female,France,Orsay,Île-de-France,1500 Club Coupe,2022-02-26,$558828.08
318,Floria,French,ffrench8t@amazon.co.jp,Male,Spain,Ourense,Galicia,Elan,2022-02-26,$236085.39
319,Klemens,Velti,kvelti8u@w3.org,Polygender,Indonesia,Sidem,,Ion,2022-02-26,$509002.21
320,Enrica,Hirsthouse,ehirsthouse8v@phoca.cz,Female,Ukraine,Kozova,,GX,2022-02-26,$275596.48
321,Lorain,Gunson,lgunson8w@scientificamerican.com,Male,China,Shimen,,S-Class,2022-02-26,$300878.63
322,Penny,Dunstone,pdunstone8x@patch.com,Polygender,Peru,Coasa,,Mighty Max,2022-02-26,$515658.90
323,Dorris,McCleary,dmccleary8y@github.com,Male,Ethiopia,Mendī,,S60,2022-02-26,$473757.26
324,Herbert,Everard,heverard8z@odnoklassniki.ru,Female,Tokelau,Fale old settlement,,Grand Prix,2022-02-26,$323742.20
325,Gelya,Mears,gmears90@dailymotion.com,Male,French Southern Territories,Port-aux-Français,,Silverado 3500,2022-02-26,$330449.58
326,Evita,Haswall,ehaswall91@archive.org,Female,China,Ningxi,,Bonneville,2022-02-26,$145953.92
327,Leila,Spinnace,lspinnace92@topsy.com,Agender,China,Buyunshan,,Elantra,2022-02-26,$253791.12
328,Angelia,Bartlomiejczyk,abartlomiejczyk93@disqus.com,Male,Portugal,Cortinhas,Viana do Castelo,GS,2022-02-26,$142353.74
329,Gordy,Walding,gwalding94@gmpg.org,Female,Indonesia,Banjarsari,,944,2022-02-26,$305413.46
330,Carmelle,Guilleton,cguilleton95@harvard.edu,Male,China,Fengshou,,L-Series,2022-02-26,$320568.56
331,Gipsy,Misselbrook,gmisselbrook96@shinystat.com,Female,Indonesia,Kaduranca,,Edge,2022-02-26,$146224.90
332,Zulema,Calcott,zcalcott97@time.com,Male,Georgia,Akhaltsikhe,,Sonoma,2022-02-26,$163541.58
333,Vin,Adamek,vadamek98@imgur.com,Agender,Russia,Piterka,,TL,2022-02-26,$183326.25
334,Sumner,Unthank,sunthank99@unicef.org,Genderqueer,Uganda,Maracha,,Camaro,2022-02-26,$109186.68
335,Lotte,Cardus,lcardus9a@who.int,Female,Sweden,Göteborg,Västra Götaland,Yukon,2022-02-26,$235146.86
336,Karissa,Pendred,kpendred9b@blog.com,Female,Philippines,Apitong,,Taurus,2022-02-26,$500828.96
337,Lorena,Romanelli,lromanelli9c@ow.ly,Male,Philippines,Dingle,,Excel,2022-02-26,$131524.26
338,Barbra,Bispham,bbispham9d@wunderground.com,Female,Austria,Villach,Kaernten,SLK-Class,2022-02-26,$171276.71
339,Moina,Wathey,mwathey9e@elpais.com,Non-binary,Indonesia,Bator,,Prizm,2022-02-26,$380794.71
340,Chandler,Woolard,cwoolard9f@loc.gov,Male,Indonesia,Ongabelen,,Camry,2022-02-26,$331599.20
341,Adlai,Arnal,aarnal9g@abc.net.au,Male,France,Orléans,Centre,2500 Club Coupe,2022-02-26,$216341.81
342,Alvy,Baskett,abaskett9h@ucoz.ru,Female,China,Xiali,,S-Class,2022-02-26,$288901.88
343,Laurette,Linzey,llinzey9i@woothemes.com,Male,China,Xiaojiezi,,DTS,2022-02-26,$174023.11
344,Pernell,Brann,pbrann9j@house.gov,Female,Malaysia,Ipoh,Perak,LS,2022-02-26,$574236.50
345,Jorgan,Minards,jminards9k@livejournal.com,Genderqueer,Portugal,Avelinha,Viseu,525,2022-02-26,$503748.08
346,Emyle,Skyrm,eskyrm9l@dedecms.com,Non-binary,France,Neuilly-sur-Seine,Île-de-France,Voyager,2022-02-26,$494997.41
347,Rosemonde,Daybell,rdaybell9m@tiny.cc,Male,Indonesia,Ratenggoji,,Impala,2022-02-26,$305975.21
348,Baron,Causby,bcausby9n@xinhuanet.com,Female,Philippines,Lugo,,Ascender,2022-02-26,$331864.97
349,Chevy,Heskin,cheskin9o@vimeo.com,Female,China,Zuogaiduoma,,Maxima,2022-02-26,$112327.27
350,Libbey,Goldfinch,lgoldfinch9p@behance.net,Male,Ireland,Bantry,,Q7,2022-02-26,$543785.99
351,Perry,Lochead,plochead9q@nydailynews.com,Female,Afghanistan,Fayzabad,,Eurovan,2022-02-26,$499040.57
352,Alfredo,Dat,adat9r@devhub.com,Female,Indonesia,Kusi,,Breeze,2022-02-26,$524276.74
353,Julienne,Durtnall,jdurtnall9s@diigo.com,Female,Peru,Huertas,,V70,2022-02-26,$368798.76
354,Lottie,Gerrey,lgerrey9t@storify.com,Male,Finland,Kiuruvesi,,Mariner,2022-02-26,$408658.28
355,Collette,Nare,cnare9u@arizona.edu,Female,China,Shuimen,,Century,2022-02-26,$143295.29
356,Ingrid,Sighart,isighart9v@rambler.ru,Female,China,Gangtun,,Volt,2022-02-26,$188847.80
357,Kiele,Tithacott,ktithacott9w@tripod.com,Female,Sweden,Smedjebacken,Dalarna,Tracer,2022-02-26,$101988.28
358,Skyler,Sayburn,ssayburn9x@fotki.com,Female,Tanzania,Tumbi,,Q5,2022-02-26,$487815.31
359,Therese,Byre,tbyre9y@addtoany.com,Female,Colombia,Ipiales,,228,2022-02-26,$561375.72
360,Rufus,Mumbeson,rmumbeson9z@harvard.edu,Female,Malaysia,Seremban,Negeri Sembilan,Yaris,2022-02-26,$148468.94
361,Gabbey,Fairey,gfaireya0@google.de,Female,Russia,Novoshakhtinskiy,,626,2022-02-26,$256881.34
362,Nannette,Lashmar,nlashmara1@sina.com.cn,Male,Ireland,Shankill,,Canyon,2022-02-26,$552726.66
363,Sianna,Reihm,sreihma2@time.com,Male,Czech Republic,Roudnice nad Labem,,Mariner,2022-02-26,$548971.88
364,Leslie,Duffill,lduffilla3@buzzfeed.com,Male,Canada,Lethbridge,Alberta,Pathfinder,2022-02-26,$592510.90
365,Anna-maria,Mc Dermid,amcdermida4@nih.gov,Female,Peru,Accha,,Boxster,2022-02-26,$381819.60
366,Nicolis,Zoellner,nzoellnera5@indiatimes.com,Male,Venezuela,San Cristóbal,,Crown Victoria,2022-02-26,$514687.46
367,Elnora,Eunson,eeunsona6@phpbb.com,Male,Finland,Pernå,,Pacifica,2022-02-26,$332067.57
368,Emmye,Stebbings,estebbingsa7@google.es,Female,Russia,Prokhorovka,,Corvette,2022-02-26,$485125.87
369,Kim,Potter,kpottera8@yahoo.com,Male,Brazil,Nova Granada,,Corvette,2022-02-26,$453422.27
370,Marilee,Ilymanov,milymanova9@sciencedirect.com,Female,Russia,Mochishche,,Santa Fe,2022-02-26,$237753.66
371,Sidonnie,Ortzen,sortzenaa@google.com.au,Male,China,Maishi,,Excel,2022-02-26,$569791.67
372,Mildrid,Vokes,mvokesab@slideshare.net,Male,Brazil,São José do Rio Pardo,,Cougar,2022-02-26,$450648.52
373,Wendel,Shotbolt,wshotboltac@google.fr,Female,Russia,Taremskoye,,Fortwo,2022-02-26,$172979.76
374,Peggie,Cottrell,pcottrellad@devhub.com,Male,United States,Memphis,Tennessee,57,2022-02-26,$178253.27
375,Octavia,Laurenzi,olaurenziae@blogspot.com,Male,Yemen,Al Jarrāḩī,,Cougar,2022-02-26,$381757.23
376,Kyla,MacAndrew,kmacandrewaf@usa.gov,Male,Netherlands,Zwolle,Provincie Overijssel,A3,2022-02-26,$281309.07
377,Olivia,Gooderick,ogooderickag@bizjournals.com,Male,Canada,Lebel-sur-Quévillon,Québec,Q,2022-02-26,$370145.38
378,Wallis,Pockett,wpockettah@usda.gov,Female,China,Gongchang,,Tacoma,2022-02-26,$212333.35
379,Horst,Phoebe,hphoebeai@newsvine.com,Female,Indonesia,Robatal,,Elantra,2022-02-26,$401651.05
380,Dannel,Dunsford,ddunsfordaj@prnewswire.com,Female,Russia,Dubinino,,Corolla,2022-02-26,$198046.31
381,Carmon,Cloake,ccloakeak@biblegateway.com,Male,Indonesia,Padangcermin,,Savana 2500,2022-02-26,$577718.54
382,Cozmo,Hewell,chewellal@aboutads.info,Female,Philippines,Salingogan,,Cabriolet,2022-02-26,$442940.81
383,Willetta,Duckworth,wduckwortham@bloglines.com,Female,Vietnam,Nhà Bè,,Tracker,2022-02-26,$428410.25
384,Milicent,Wistance,mwistancean@devhub.com,Male,Indonesia,Jatiwangi,,B-Series,2022-02-26,$528552.65
385,Rowen,De Filippo,rdefilippoao@usda.gov,Male,Poland,Siemiechów,,ZX2,2022-02-26,$253252.08
386,Moises,Readett,mreadettap@fda.gov,Female,Chad,Béré,,Sunfire,2022-02-26,$592829.32
387,Sterling,Creese,screeseaq@bbb.org,Female,Indonesia,Poteran,,V8 Vantage,2022-02-26,$474695.62
388,Charil,Manilow,cmanilowar@unc.edu,Female,Zimbabwe,Dete,,Soul,2022-02-26,$399634.44
389,Lee,Leates,lleatesas@wisc.edu,Female,Brazil,Itumbiara,,Nitro,2022-02-26,$183899.93
390,Richy,Gulliver,rgulliverat@devhub.com,Female,China,Yanhe,,Sprinter,2022-02-26,$448438.35
391,Nollie,Kitchingham,nkitchinghamau@cyberchimps.com,Female,Colombia,Quinchía,,E-Series,2022-02-26,$500622.38
392,Sal,Cheeney,scheeneyav@fema.gov,Female,Greece,Grammatikó,,Echo,2022-02-26,$178428.50
393,Ciro,Woodcraft,cwoodcraftaw@thetimes.co.uk,Female,Philippines,Bagroy,,X-90,2022-02-26,$415659.77
394,Maryanna,Gonet,mgonetax@yandex.ru,Male,Luxembourg,Bridel,,Sunbird,2022-02-26,$224716.22
395,Deb,Allom,dallomay@phoca.cz,Male,China,Tianfen,,Rally Wagon 3500,2022-02-26,$439670.79
396,Lynnet,MacGaughy,lmacgaughyaz@wiley.com,Male,Mexico,Parque Industrial,Sonora,Grand Voyager,2022-02-26,$200434.92
397,Eric,Holmyard,eholmyardb0@zimbio.com,Female,South Africa,Makapanstad,,Defender,2022-02-26,$519836.36
398,Bevan,Cicci,bciccib1@webeden.co.uk,Female,Iran,Gorgān,,Custom Cruiser,2022-02-26,$187118.24
399,Nickolai,Elner,nelnerb2@wired.com,Male,Denmark,København,Region Hovedstaden,Suburban 1500,2022-02-26,$140575.99
400,Callean,Whyler,cwhylerb3@webmd.com,Female,China,Jian’ou,,Sprinter 2500,2022-02-26,$211832.48
401,Denver,Lempke,dlempkeb4@de.vu,Male,Nicaragua,Puerto Cabezas,,90,2022-02-26,$123704.05
402,Lindy,Tween,ltweenb5@quantcast.com,Female,China,Suining,,MX-5,2022-02-26,$506119.16
403,Dru,Jodkowski,djodkowskib6@vkontakte.ru,Female,United States,Akron,Ohio,Aerio,2022-02-26,$319081.42
404,Chevy,Beddoe,cbeddoeb7@chron.com,Male,Zimbabwe,Lalapanzi,,Type 2,2022-02-26,$184529.32
405,Guilbert,Meth,gmethb8@nytimes.com,Female,China,Jinsha,,Savana 2500,2022-02-26,$166244.81
406,Mei,Doyley,mdoyleyb9@salon.com,Female,Japan,Hitoyoshi,,V70,2022-02-26,$350162.21
407,Olympia,Matteau,omatteauba@aboutads.info,Male,Bosnia and Herzegovina,Mionica,,CR-V,2022-02-26,$547700.07
408,Calhoun,Killik,ckillikbb@dell.com,Male,United States,Augusta,Georgia,Continental GT,2022-02-26,$137773.41
409,Tab,Elegood,telegoodbc@java.com,Male,Argentina,Aguilares,,Chariot,2022-02-26,$585448.87
410,Ignace,Shorton,ishortonbd@utexas.edu,Male,China,Tunbao,,Mustang,2022-02-26,$154976.05
411,Nicolais,Yoselevitch,nyoselevitchbe@geocities.com,Male,Portugal,Guimarei,Porto,MX-5,2022-02-26,$598431.02
412,Peg,Woodwind,pwoodwindbf@usa.gov,Genderfluid,Indonesia,Bojongsari,,Viper,2022-02-26,$383154.86
413,Casandra,Cohani,ccohanibg@seesaa.net,Female,Thailand,Samut Songkhram,,GTO,2022-02-26,$390315.41
414,Caro,Durtnel,cdurtnelbh@independent.co.uk,Bigender,Indonesia,Rato,,Taurus,2022-02-26,$139097.54
415,Chiquita,Elvy,celvybi@nasa.gov,Male,Poland,Kuźnia Raciborska,,Cobalt,2022-02-26,$597726.77
416,Rhoda,Eversley,reversleybj@foxnews.com,Male,Philippines,Mainit,,Ram 2500,2022-02-26,$121821.10
417,Jameson,Chesney,jchesneybk@mediafire.com,Female,Portugal,Carvalhal Redondo,Viseu,LFA,2022-02-26,$547443.11
418,Carmelia,Bendixen,cbendixenbl@tuttocitta.it,Female,Japan,Mizunami,,DBS,2022-02-26,$530539.64
419,Trix,McGreil,tmcgreilbm@salon.com,Non-binary,Czech Republic,Červenka,,Dakota Club,2022-02-26,$176562.40
420,Benetta,Peppett,bpeppettbn@bigcartel.com,Male,Russia,Aginskoye,,Ranger,2022-02-26,$196712.66
421,Tybalt,Alderwick,talderwickbo@lycos.com,Non-binary,Indonesia,Jambuwerkrajan,,57,2022-02-26,$159305.89
422,Merry,Deddum,mdeddumbp@uiuc.edu,Female,Philippines,Biasong,,Exige,2022-02-26,$350560.60
423,Murdoch,Stoakes,mstoakesbq@mit.edu,Male,China,Jiuli,,Accord,2022-02-26,$350902.73
424,Gery,Huortic,ghuorticbr@livejournal.com,Male,China,Tuzhai,,Cayenne,2022-02-26,$431173.28
425,Flinn,Cosgry,fcosgrybs@amazon.co.jp,Male,Poland,Tuplice,,RAV4,2022-02-26,$384112.81
426,Aube,Gayther,agaytherbt@blinklist.com,Female,Sweden,Karlstad,Värmland,S-Series,2022-02-26,$253039.44
427,Ephrem,Pendock,ependockbu@mayoclinic.com,Female,Italy,Venezia,Veneto,M,2022-02-26,$331247.85
428,Kain,Pote,kpotebv@mlb.com,Bigender,Afghanistan,Khanabad,,Crown Victoria,2022-02-26,$236000.15
429,Dorette,Nichol,dnicholbw@scientificamerican.com,Female,China,Shenji,,Grand Prix,2022-02-26,$116034.17
430,Cyril,Steeden,csteedenbx@princeton.edu,Male,Serbia,Idvor,,3000GT,2022-02-26,$459849.44
431,Maximilien,Rzehor,mrzehorby@rakuten.co.jp,Female,Swaziland,Darkton,,Grand Am,2022-02-26,$315292.76
432,Maryanne,Bonfield,mbonfieldbz@tmall.com,Male,Grenada,Saint David’s,,Grand Caravan,2022-02-26,$223601.13
433,Quentin,Andrich,qandrichc0@amazon.com,Female,Indonesia,Konga,,V8 Vantage S,2022-02-26,$391312.61
434,Starlene,Primett,sprimettc1@forbes.com,Female,Indonesia,Pasarkuok,,Spirit,2022-02-26,$235553.09
435,Hamel,Barkshire,hbarkshirec2@facebook.com,Female,Russia,Olenegorsk,,S2000,2022-02-26,$228850.09
436,Teresa,Rudkin,trudkinc3@omniture.com,Female,China,Linxihe,,S2000,2022-02-26,$199503.20
437,Araldo,Roll,arollc4@nbcnews.com,Male,Philippines,Armenia,,Crown Victoria,2022-02-26,$506848.80
438,Nealon,Paumier,npaumierc5@smugmug.com,Female,China,Obo,,Escape,2022-02-26,$109624.86
439,Siouxie,Dabels,sdabelsc6@amazon.co.uk,Male,Morocco,Zaïo,,Silverado 2500,2022-02-26,$305565.86
440,Fawne,Basile,fbasilec7@noaa.gov,Female,Russia,Blagoveshchensk,,Sunbird,2022-02-26,$443569.26
441,Valerie,Jakubowicz,vjakubowiczc8@blogspot.com,Female,Brazil,Santa Rita do Passa Quatro,,Amigo,2022-02-26,$190969.69
442,Cullie,Triplett,ctriplettc9@yandex.ru,Female,Egypt,Juhaynah,,Reatta,2022-02-26,$184016.64
443,Elsy,Huke,ehukeca@cisco.com,Female,Colombia,La Mesa,,Passat,2022-02-26,$125725.50
444,Leola,Drohane,ldrohanecb@photobucket.com,Male,United States,Las Vegas,Nevada,LS,2022-02-26,$596976.45
445,Caril,Titlow,ctitlowcc@rediff.com,Female,Japan,Tanuma,,XC90,2022-02-26,$514918.64
446,Felipe,Tarbett,ftarbettcd@angelfire.com,Female,France,Rivesaltes,Languedoc-Roussillon,Grand Caravan,2022-02-26,$566887.50
447,Cassandry,Porritt,cporrittce@skype.com,Female,Indonesia,Pasatan,,929,2022-02-26,$106035.82
448,Peterus,Strelitzer,pstrelitzercf@cdc.gov,Female,Argentina,Unquillo,,Sonata,2022-02-26,$590906.50
449,Tiertza,Nicholls,tnichollscg@hatena.ne.jp,Female,Kazakhstan,Shu,,Continental Mark VII,2022-02-26,$333405.60
450,Cati,Harcourt,charcourtch@nyu.edu,Female,Indonesia,Jetis,,911,2022-02-26,$120803.62
451,Gerri,Erbe,gerbeci@spotify.com,Genderqueer,Vietnam,Đình Lập,,DB9,2022-02-26,$240056.12
452,Maure,Ricciardelli,mricciardellicj@mapquest.com,Female,Ireland,Dungloe,,Grand Marquis,2022-02-26,$534513.73
453,Rafaela,Sheldon,rsheldonck@google.ru,Genderqueer,China,Zhujiatai,,Sierra 1500,2022-02-26,$299548.58
454,Brodie,Richardin,brichardincl@studiopress.com,Female,Peru,Copa,,LSS,2022-02-26,$238566.83
455,Darsie,Ramsted,dramstedcm@chron.com,Male,Croatia,Martin,,Legacy,2022-02-26,$179304.45
456,Hobie,McCabe,hmccabecn@walmart.com,Female,Azerbaijan,Buzovna,,Sentra,2022-02-26,$486210.90
457,Sansone,Mallinson,smallinsonco@wikipedia.org,Female,Peru,Tapacocha,,Voyager,2022-02-26,$119919.67
458,Briny,Boothebie,bboothebiecp@posterous.com,Male,Ukraine,Sarata,,Crown Victoria,2022-02-26,$118293.53
459,Phyllida,Cordall,pcordallcq@cargocollective.com,Male,Uruguay,Nuevo Berlín,,Boxster,2022-02-26,$426173.19
460,Zacharia,Causer,zcausercr@t.co,Male,Hungary,Érd,Pest,RX-7,2022-02-26,$305879.78
461,Nehemiah,Passy,npassycs@wikimedia.org,Female,China,Tujing,,Golf,2022-02-26,$567760.76
462,Malissia,Mullins,mmullinsct@usatoday.com,Male,China,Luwan,,Escalade EXT,2022-02-26,$346315.01
463,Ardelle,Gland,aglandcu@diigo.com,Female,Kosovo,Lumbardhi,,M,2022-02-26,$393037.59
464,Felizio,Peacop,fpeacopcv@berkeley.edu,Agender,China,Miaoshou,,Tacoma Xtra,2022-02-26,$197784.11
465,Dermot,Brantl,dbrantlcw@baidu.com,Male,China,Lhabupu,,9000,2022-02-26,$367585.69
466,Waylin,Tomaskov,wtomaskovcx@addthis.com,Male,Slovenia,Cerkvenjak,,GLI,2022-02-26,$476616.88
467,Averil,Galbreth,agalbrethcy@weebly.com,Male,Finland,Hämeenkoski,,Aventador,2022-02-26,$267753.04
468,Alison,Osipenko,aosipenkocz@so-net.ne.jp,Male,Canada,Orangeville,Ontario,Challenger,2022-02-26,$540462.96
469,Stanislaw,Rosini,srosinid0@bizjournals.com,Male,Vietnam,Sịa,,Cavalier,2022-02-26,$158881.34
470,Ray,Spyer,rspyerd1@wired.com,Genderfluid,China,Taozixi,,Corvette,2022-02-26,$374902.46
471,Chrystel,Reiners,creinersd2@squidoo.com,Male,China,Dayou,,Esteem,2022-02-26,$497278.86
472,Arty,Trude,atruded3@arstechnica.com,Female,Poland,Nysa,,Matrix,2022-02-26,$326675.71
473,Kathryne,Hoggetts,khoggettsd4@yahoo.com,Male,Indonesia,Sukarama,,Yaris,2022-02-26,$525846.59
474,Eden,D'Adamo,edadamod5@pinterest.com,Female,Canada,Sainte-Agathe-des-Monts,Québec,Colt,2022-02-26,$267735.74
475,Jammal,Laxston,jlaxstond6@cmu.edu,Polygender,China,Beiguoyuan,,V70,2022-02-26,$188445.11
476,Northrop,Belliveau,nbelliveaud7@tripod.com,Male,China,Mulan,,Firebird,2022-02-26,$244304.74
477,Consuelo,Scranedge,cscranedged8@behance.net,Male,China,Renyi,,X-Type,2022-02-26,$576879.80
478,Rosco,Ormerod,rormerodd9@phoca.cz,Female,Tanzania,Geita,,Coachbuilder,2022-02-26,$313474.21
479,Beverie,Grafton-Herbert,bgraftonherbertda@w3.org,Female,Greece,Kýria,,Continental,2022-02-26,$156844.53
480,Hilary,Glenwright,hglenwrightdb@trellian.com,Male,China,Wenquan,,V8,2022-02-26,$495528.88
481,Carmen,Eplate,ceplatedc@4shared.com,Male,Iran,Omīdcheh,,Vision,2022-02-26,$541561.74
482,Dora,Espinas,despinasdd@mtv.com,Female,Puerto Rico,Carolina,Pr,Sierra,2022-02-26,$150072.27
483,Christin,Hansard,chansardde@macromedia.com,Male,Russia,Valday,,Ranger,2022-02-26,$508527.34
484,Ora,Franz,ofranzdf@blogtalkradio.com,Male,Czech Republic,Horní Jelení,,Montero,2022-02-26,$580692.68
485,Marcello,Coppock.,mcoppockdg@zimbio.com,Female,United States,Jackson,Mississippi,3 Series,2022-02-26,$210791.92
486,Abram,Orlton,aorltondh@msu.edu,Male,Russia,Likhobory,,GTI,2022-02-26,$102850.22
487,Miles,Bendon,mbendondi@jugem.jp,Male,Vietnam,An Châu,,Fiero,2022-02-26,$485960.91
488,Deerdre,Mouatt,dmouattdj@ask.com,Male,Madagascar,Ampanihy,,F150,2022-02-26,$484519.59
489,Eliza,Dundin,edundindk@adobe.com,Female,Afghanistan,Surkh Bilandī,,350Z Roadster,2022-02-26,$278050.05
490,Gaspard,Statham,gstathamdl@prlog.org,Male,Russia,Zharkovskiy,,Sunbird,2022-02-26,$157412.72
491,Tanny,Dummigan,tdummigandm@live.com,Female,Guatemala,Santa Apolonia,,Sebring,2022-02-26,$418452.58
492,Carlynn,Sneller,csnellerdn@senate.gov,Female,Bosnia and Herzegovina,Jajce,,Arnage,2022-02-26,$356697.59
493,Vernon,Barstow,vbarstowdo@arstechnica.com,Male,Russia,Obninsk,,525,2022-02-26,$254315.19
494,Katuscha,Dugald,kdugalddp@ucoz.ru,Female,Czech Republic,Pacov,,Jetta,2022-02-26,$197597.11
495,Ertha,Pascall,epascalldq@google.nl,Male,Peru,Hualmay,,SL-Class,2022-02-26,$371345.55
496,Charles,Keunemann,ckeunemanndr@nymag.com,Male,Ecuador,Jipijapa,,Murano,2022-02-26,$231755.43
497,Desmund,Serchwell,dserchwellds@disqus.com,Female,Indonesia,Tertek,,XL-7,2022-02-26,$418886.33
498,Mord,Fernandes,mfernandesdt@twitter.com,Male,Finland,Kivijärvi,,Crown Victoria,2022-02-26,$217087.24
499,Midge,Jerrold,mjerrolddu@sbwire.com,Female,Indonesia,Pagarbatu,,MX-5,2022-02-26,$181221.78
500,Veronike,Mumford,vmumforddv@cornell.edu,Male,China,Zengjia,,Mystique,2022-02-26,$525853.76
501,Luther,De la Harpe,ldelaharpedw@cnbc.com,Female,Japan,Kōchi-shi,,A4,2022-02-26,$358965.28
502,Elwin,Ventris,eventrisdx@google.co.jp,Female,Poland,Wleń,,Continental Flying Spur,2022-02-26,$286821.58
503,Desdemona,Firminger,dfirmingerdy@dmoz.org,Male,Poland,Suwałki,,Galant,2022-02-26,$461534.54
504,Alaine,Heaven,aheavendz@google.co.jp,Female,Uganda,Kamwenge,,S6,2022-02-26,$339495.00
505,Marika,Pomfrey,mpomfreye0@washington.edu,Agender,China,Shigu,,Esprit,2022-02-26,$521149.42
506,Genna,Greenland,ggreenlande1@behance.net,Female,Afghanistan,Dāngām,,Outlander,2022-02-26,$313972.65
507,Debbi,Markovich,dmarkoviche2@china.com.cn,Male,France,Guérande,Pays de la Loire,i-290,2022-02-26,$255110.00
508,Jorgan,Dwyr,jdwyre3@illinois.edu,Female,China,Lijiaxiang,,X5,2022-02-26,$471010.98
509,Dorey,Blight,dblighte4@networkadvertising.org,Female,Brazil,Passa Quatro,,LHS,2022-02-26,$506400.29
510,Morna,Timbrell,mtimbrelle5@icq.com,Male,Philippines,Concepcion,,5000S,2022-02-26,$531615.93
511,Wald,Bedminster,wbedminstere6@liveinternet.ru,Male,China,Majie,,TL,2022-02-26,$206520.32
512,Glenine,Soppeth,gsoppethe7@tmall.com,Male,China,Xinhua,,Boxster,2022-02-26,$496441.20
513,Brenna,Sholl,bsholle8@icio.us,Male,Guatemala,Río Hondo,,GT,2022-02-26,$225905.53
514,Wernher,Yesinov,wyesinove9@csmonitor.com,Male,Syria,Al Mayādīn,,Aerostar,2022-02-26,$500299.68
515,Glyn,Burkwood,gburkwoodea@comsenz.com,Female,Bahamas,Marsh Harbour,,B-Series,2022-02-26,$251224.72
516,Lock,Grubey,lgrubeyeb@blogs.com,Male,Indonesia,Beraim,,i-370,2022-02-26,$107591.69
517,Fanechka,Warlowe,fwarloweec@surveymonkey.com,Female,Portugal,Granja do Tedo,Viseu,S4,2022-02-26,$113456.55
518,Jennette,Niemiec,jniemieced@feedburner.com,Female,Sweden,Linköping,Östergötland,Justy,2022-02-26,$400322.02
519,Darcy,Murtimer,dmurtimeree@bravesites.com,Male,Finland,Askainen,,CTS,2022-02-26,$292079.71
520,Ladonna,Spearett,lspearettef@comsenz.com,Polygender,Sweden,Huddinge,Stockholm,600,2022-02-26,$370801.25
521,Jeremy,Bramwich,jbramwicheg@narod.ru,Female,Portugal,Gandra,Viana do Castelo,Vandura G1500,2022-02-26,$472134.38
522,Andre,Stringfellow,astringfelloweh@smh.com.au,Female,Iceland,Borgarnes,,Pajero,2022-02-26,$591972.51
523,Gabriel,Cattle,gcattleei@microsoft.com,Female,Mexico,La Esperanza,Guerrero,Accord,2022-02-26,$241844.14
524,Edyth,Whitlock,ewhitlockej@bbb.org,Genderqueer,Indonesia,Krajan,,Silhouette,2022-02-26,$327399.59
525,Helenelizabeth,Hurst,hhurstek@google.cn,Genderqueer,Poland,Tworków,,Element,2022-02-26,$416364.15
526,Bonnie,Mosey,bmoseyel@earthlink.net,Male,Indonesia,Tobelo,,Prizm,2022-02-26,$512888.63
527,Cassondra,Poutress,cpoutressem@biglobe.ne.jp,Female,Sweden,Enskede,Stockholm,E-Series,2022-02-26,$437644.44
528,Ulrick,Apedaile,uapedaileen@storify.com,Genderfluid,North Korea,Changyŏn,,Stratus,2022-02-26,$211526.14
529,Fraze,Gilpin,fgilpineo@princeton.edu,Male,United States,Carson City,Nevada,Passat,2022-02-26,$226165.80
530,Ardenia,Messruther,amessrutherep@wikipedia.org,Male,Sweden,Örebro,Örebro,T100,2022-02-26,$410143.29
531,Howard,Vercruysse,hvercruysseeq@ebay.co.uk,Male,China,Gaoqiao,,Storm,2022-02-26,$131625.98
532,Montague,Bunch,mbuncher@fotki.com,Male,China,Baoyou,,Expedition EL,2022-02-26,$258704.51
533,Christyna,Gherarducci,cgherarduccies@google.cn,Female,China,Xiyuan,,Aurora,2022-02-26,$415894.65
534,Jessy,Edlestone,jedlestoneet@histats.com,Female,Russia,Solikamsk,,Taurus,2022-02-26,$128341.94
535,Karon,Birtonshaw,kbirtonshaweu@free.fr,Male,China,Xinghua,,Accent,2022-02-26,$277577.18
536,Trever,Swindell,tswindellev@homestead.com,Male,Indonesia,Kresek,,Azera,2022-02-26,$203676.80
537,Lorelle,Emps,lempsew@ask.com,Female,United States,North Little Rock,Arkansas,MR2,2022-02-26,$444135.90
538,Bertine,Chenery,bcheneryex@ehow.com,Male,Philippines,Pinamalayan,,Intrepid,2022-02-26,$129637.87
539,Tiertza,Tant,ttantey@123-reg.co.uk,Female,Croatia,Štitar,,Celica,2022-02-26,$146037.43
540,Briana,Avrahamof,bavrahamofez@privacy.gov.au,Male,Philippines,Bantacan,,Sportage,2022-02-26,$559244.27
541,Dael,Pere,dperef0@taobao.com,Male,Russia,Novyy Oskol,,H1,2022-02-26,$499540.33
542,Cherri,Woolhouse,cwoolhousef1@unesco.org,Female,Cameroon,Garoua,,Town & Country,2022-02-26,$272398.41
543,Franni,Moodie,fmoodief2@com.com,Male,Indonesia,Pandan,,LTD Crown Victoria,2022-02-26,$400396.52
544,Drake,Kemwall,dkemwallf3@rediff.com,Female,Indonesia,Lobuk,,XLR,2022-02-26,$479144.98
545,Maggee,Whitwell,mwhitwellf4@eventbrite.com,Female,Indonesia,Banjar Susut Kaja,,Topaz,2022-02-26,$443690.88
546,Joyann,Waddilove,jwaddilovef5@statcounter.com,Female,Poland,Zabłocie,,Explorer,2022-02-26,$468768.18
547,Rozalin,Oley,roleyf6@sphinn.com,Non-binary,Indonesia,Karipidita,,X6,2022-02-26,$579411.24
548,Sheelagh,Beavers,sbeaversf7@state.tx.us,Female,China,Dingtao,,Concorde,2022-02-26,$179991.57
549,Helaina,Mortell,hmortellf8@canalblog.com,Female,China,Baoxing,,Monte Carlo,2022-02-26,$437905.91
550,Bianka,De Blasi,bdeblasif9@123-reg.co.uk,Male,Indonesia,Batujaran,,Wrangler,2022-02-26,$530389.38
551,Sabine,Quarlis,squarlisfa@webnode.com,Female,Bangladesh,Sirājganj,,Loyale,2022-02-26,$247634.67
552,Libby,Mennear,lmennearfb@whitehouse.gov,Male,China,Dalazi,,Suburban 2500,2022-02-26,$273114.57
553,Katy,Donoghue,kdonoghuefc@vistaprint.com,Genderqueer,Honduras,Los Tangos,,RX,2022-02-26,$287343.83
554,Forrest,Mockett,fmockettfd@ted.com,Male,Russia,Pikalëvo,,i-290,2022-02-26,$200101.76
555,Nelie,Blenkinship,nblenkinshipfe@auda.org.au,Male,Poland,Siedleczka,,2500,2022-02-26,$232540.42
556,Kimball,Vamplew,kvamplewff@theglobeandmail.com,Female,Ireland,Ballybofey,,Monterey,2022-02-26,$194907.77
557,Susanetta,Basketfield,sbasketfieldfg@sourceforge.net,Agender,Tajikistan,Konibodom,,928,2022-02-26,$553628.00
558,Carly,Nutton,cnuttonfh@drupal.org,Female,Russia,Vanino,,Outback,2022-02-26,$410572.35
559,Terencio,Fordyce,tfordycefi@guardian.co.uk,Male,Brazil,Betim,,Maxima,2022-02-26,$199753.07
560,Hailey,Fosserd,hfosserdfj@list-manage.com,Female,Ukraine,Podgortsy,,XLR-V,2022-02-26,$175350.94
561,Jamison,Diamond,jdiamondfk@uiuc.edu,Male,China,Yaohua,,Cabriolet,2022-02-26,$353227.59
562,Loni,Andrysiak,landrysiakfl@google.co.jp,Genderfluid,China,Daping,,Esprit,2022-02-26,$106605.03
563,Cassondra,Hodgins,chodginsfm@senate.gov,Female,Hungary,Békéscsaba,Békés,SRX,2022-02-26,$149302.52
564,Allix,Follis,afollisfn@whitehouse.gov,Male,Philippines,Cabodiongan,,Sierra 2500,2022-02-26,$151869.48
565,Lana,Sellars,lsellarsfo@google.fr,Female,Sweden,Norrköping,Östergötland,Sedona,2022-02-26,$478613.17
566,Georgianna,McNysche,gmcnyschefp@omniture.com,Male,Brazil,Bagé,,200,2022-02-26,$537640.06
567,Hermon,Philps,hphilpsfq@boston.com,Male,Indonesia,Genyem,,V70,2022-02-26,$365606.43
568,Margarethe,Fusedale,mfusedalefr@mtv.com,Female,Portugal,Meruge,Coimbra,Sable,2022-02-26,$240102.87
569,Craig,Hellikes,chellikesfs@squidoo.com,Bigender,China,Sanxi,,LS,2022-02-26,$347612.07
570,Mireille,Van Waadenburg,mvanwaadenburgft@issuu.com,Male,United States,Washington,District of Columbia,Escalade,2022-02-26,$113106.41
571,Dorian,Kegley,dkegleyfu@sciencedirect.com,Female,Argentina,Villa Gesell,,Quest,2022-02-26,$160744.42
572,Daffy,Feldmesser,dfeldmesserfv@com.com,Male,Philippines,Bakung,,CR-V,2022-02-26,$241941.10
573,Sonia,Sword,sswordfw@mayoclinic.com,Female,Comoros,Mtsamdou,,Swift,2022-02-26,$206430.18
574,Abram,Vallens,avallensfx@nyu.edu,Female,Peru,Maranura,,LR2,2022-02-26,$525037.95
575,Chan,Lynnett,clynnettfy@bbc.co.uk,Bigender,Cuba,Jiguaní,,ES,2022-02-26,$420280.71
576,Lacee,Bach,lbachfz@google.com.au,Male,Indonesia,Sidomulyo,,Cirrus,2022-02-26,$398743.49
577,Davidson,Bernardeau,dbernardeaug0@thetimes.co.uk,Female,Brazil,Itapetinga,,T100,2022-02-26,$348180.87
578,Erie,Tolworthie,etolworthieg1@alexa.com,Male,North Korea,Sakchu-ŭp,,Expedition EL,2022-02-26,$563642.48
579,Elvin,Stolli,estollig2@geocities.jp,Male,Philippines,Noveleta,,Type 2,2022-02-26,$269778.20
580,Ethelin,Heaton,eheatong3@sun.com,Female,South Africa,Christiana,,XLR-V,2022-02-26,$127007.99
581,Natalya,Dannatt,ndannattg4@wunderground.com,Male,Vietnam,Phan Rang-Tháp Chàm,,C-Class,2022-02-26,$250482.98
582,Ethel,Tiddy,etiddyg5@dailymotion.com,Female,Russia,Amga,,Firefly,2022-02-26,$257237.90
583,Avictor,Footitt,afootittg6@jigsy.com,Female,Colombia,Leticia,,Durango,2022-02-26,$271676.54
584,Vikki,Doel,vdoelg7@mashable.com,Male,China,Xinhua,,LeSabre,2022-02-26,$489354.47
585,Devin,Hammerberger,dhammerbergerg8@rambler.ru,Female,Russia,Rossosh’,,Avalon,2022-02-26,$234112.12
586,Leicester,Chicchelli,lchicchellig9@samsung.com,Female,China,Xiabeisi,,LeMans,2022-02-26,$364412.67
587,Chaunce,Ripper,cripperga@virginia.edu,Female,Indonesia,Pangligaran,,NV3500,2022-02-26,$144698.42
588,Ashly,Weeds,aweedsgb@networkadvertising.org,Female,Democratic Republic of the Congo,Tshela,,Tracer,2022-02-26,$118860.30
589,Audy,Barrott,abarrottgc@fastcompany.com,Female,Poland,Chybie,,Tempest,2022-02-26,$398742.72
590,Elsa,Mellodey,emellodeygd@noaa.gov,Female,Swaziland,Bhunya,,Jetta,2022-02-26,$568045.89
591,Genni,Sallter,gsallterge@taobao.com,Female,China,Huangzhou,,Defender 90,2022-02-26,$464292.15
592,Lynnet,Cookson,lcooksongf@opera.com,Female,Cyprus,Larnaca,,QX56,2022-02-26,$326193.91
593,Maudie,Manser,mmansergg@princeton.edu,Male,Honduras,San Ignacio,,Jetta,2022-02-26,$308547.21
594,Ursola,Khomin,ukhomingh@pagesperso-orange.fr,Male,Philippines,Balibagan Oeste,,MKS,2022-02-26,$402377.03
595,Adelheid,Bodill,abodillgi@springer.com,Female,Brazil,Codajás,,Challenger,2022-02-26,$538064.04
596,Barret,Pay,bpaygj@ameblo.jp,Female,Democratic Republic of the Congo,Kabalo,,Sportvan G10,2022-02-26,$207824.20
597,Amii,Trevan,atrevangk@irs.gov,Agender,Japan,Tomigusuku,,S80,2022-02-26,$301879.75
598,Ciro,Zarfai,czarfaigl@forbes.com,Female,China,Rifeng,,Dakota,2022-02-26,$362790.60
599,Sonnie,Sangra,ssangragm@phpbb.com,Male,Egypt,Quwaysinā,,Town Car,2022-02-26,$170977.38
600,Hanan,Bridat,hbridatgn@redcross.org,Male,Russia,Vladimir,,RX Hybrid,2022-02-26,$431429.07
601,Kurt,Tomkies,ktomkiesgo@dot.gov,Male,China,Panzhuang,,4Runner,2022-02-26,$149130.17
602,Ondrea,Cockrill,ocockrillgp@naver.com,Female,Colombia,Floresta,,Cooper,2022-02-26,$177174.32
603,Annecorinne,Matasov,amatasovgq@cocolog-nifty.com,Female,Indonesia,Palangan,,Bronco,2022-02-26,$502389.75
604,Garrett,Yurtsev,gyurtsevgr@tripadvisor.com,Female,Canada,Berthierville,Québec,Town Car,2022-02-26,$405057.78
605,Garrett,O'Doogan,godoogangs@homestead.com,Female,Philippines,Bonga,,M6,2022-02-26,$470945.04
606,Liuka,Andrey,landreygt@skyrock.com,Female,Sweden,Täby,Stockholm,Tacoma,2022-02-26,$281643.96
607,Creighton,Blount,cblountgu@nhs.uk,Non-binary,Indonesia,Banjaranyar,,9-3,2022-02-26,$200942.90
608,Teddie,Juorio,tjuoriogv@wp.com,Genderfluid,Russia,Slobodskoy,,Regal,2022-02-26,$108795.38
609,Hendrick,Tasseler,htasselergw@google.ru,Male,Russia,Volgo-Kaspiyskiy,,LeSabre,2022-02-26,$414448.07
610,Cynthy,Vitler,cvitlergx@bloglovin.com,Female,China,Shihuiyao,,Spyder,2022-02-26,$385945.88
611,Erek,Croser,ecrosergy@privacy.gov.au,Female,Mexico,San Francisco,Guerrero,Accent,2022-02-26,$183592.34
612,Major,Thistleton,mthistletongz@ed.gov,Female,France,Bonneville,Rhône-Alpes,F350,2022-02-26,$255013.44
613,Vivianne,Mandres,vmandresh0@ycombinator.com,Male,China,Nanlang,,Sephia,2022-02-26,$384181.22
614,Shannen,Gadson,sgadsonh1@geocities.jp,Male,Iraq,Kifrī,,Enclave,2022-02-26,$136665.81
615,Kristel,Ramalhete,kramalheteh2@huffingtonpost.com,Male,Georgia,Sagarejo,,S-Series,2022-02-26,$489702.28
616,Lyndell,Borghese,lborgheseh3@amazonaws.com,Male,Philippines,Baguio,,3500,2022-02-26,$230351.08
617,Elbertine,Padwick,epadwickh4@goodreads.com,Female,Canada,Saint-Lin-Laurentides,Québec,Express 1500,2022-02-26,$291620.56
618,Forest,Gherardesci,fgherardescih5@cocolog-nifty.com,Male,Gabon,Cocobeach,,Mustang,2022-02-26,$532191.55
619,Ulrica,Di Biaggi,udibiaggih6@dion.ne.jp,Female,China,Shuangshan,,Laser,2022-02-26,$384787.05
620,Constancy,Daft,cdafth7@prnewswire.com,Male,Thailand,Phatthana Nikhom,,Lanos,2022-02-26,$583387.99
621,Yale,Lax,ylaxh8@dot.gov,Female,Portugal,Chavão,Braga,Ram Wagon B350,2022-02-26,$454473.03
622,Dougy,Gounet,dgouneth9@barnesandnoble.com,Male,Philippines,Okiot,,911,2022-02-26,$491358.01
623,Chan,Rigardeau,crigardeauha@sfgate.com,Male,Nicaragua,San José de Cusmapa,,Transit Connect,2022-02-26,$529989.82
624,Bev,Belden,bbeldenhb@smh.com.au,Male,China,Fasi,,G,2022-02-26,$575556.71
625,Brianne,Mease,bmeasehc@blogger.com,Non-binary,Afghanistan,Mehtar Lām,,Spectra,2022-02-26,$501060.94
626,Hadrian,Constable,hconstablehd@ning.com,Female,Sri Lanka,Maharagama,,Grand Marquis,2022-02-26,$455313.26
627,Benita,Torresi,btorresihe@independent.co.uk,Female,Indonesia,Wanglu Kulon,,Z3,2022-02-26,$222900.24
628,Lind,Cardozo,lcardozohf@bluehost.com,Male,Argentina,Concordia,,LS,2022-02-26,$579212.91
629,Aline,Hutchens,ahutchenshg@dailymotion.com,Female,Haiti,Dondon,,Lucerne,2022-02-26,$590370.87
630,Corette,Cumberbatch,ccumberbatchhh@devhub.com,Female,China,Huangyang,,Town Car,2022-02-26,$351762.79
631,Barbey,Innot,binnothi@yolasite.com,Female,Russia,Severnoye,,Coupe GT,2022-02-26,$280020.24
632,Loria,Gorioli,lgoriolihj@dedecms.com,Male,China,Wendengying,,Aveo,2022-02-26,$371052.99
633,Lise,Stonner,lstonnerhk@livejournal.com,Male,Mongolia,Зуунмод,,Yaris,2022-02-26,$596193.36
634,Lind,Dahmke,ldahmkehl@hubpages.com,Male,Indonesia,Karanganyar,,3 Series,2022-02-26,$569257.50
635,Phoebe,Lochran,plochranhm@businessinsider.com,Female,Senegal,Gandiaye,,V70,2022-02-26,$217002.21
636,Alia,Shore,ashorehn@pbs.org,Male,South Africa,Flagstaff,,RX,2022-02-26,$411156.75
637,Toby,Gon,tgonho@irs.gov,Female,Portugal,Sobrosa,Porto,B9 Tribeca,2022-02-26,$541009.48
638,Pavel,Primarolo,pprimarolohp@nymag.com,Male,Philippines,Alcala,,Cobalt SS,2022-02-26,$374673.11
639,Lucinda,Kenlin,lkenlinhq@rakuten.co.jp,Female,China,Jugezhuang,,Escalade EXT,2022-02-26,$533261.52
640,Leena,Murkitt,lmurkitthr@amazon.de,Female,Slovenia,Mlaka pri Kranju,,Nubira,2022-02-26,$484933.02
641,Ignazio,Phetteplace,iphetteplacehs@gizmodo.com,Female,Portugal,Cabeço,Aveiro,Yukon XL 2500,2022-02-26,$322549.49
642,Tove,Tunsley,ttunsleyht@apache.org,Female,Czech Republic,Opočno,,MINI,2022-02-26,$479778.15
643,Prudy,Juliff,pjuliffhu@github.io,Female,Portugal,Figueiredo,Braga,Pacifica,2022-02-26,$341612.03
644,Wilbur,Kleinert,wkleinerthv@bravesites.com,Male,Hungary,Debrecen,Hajdú-Bihar,DeVille,2022-02-26,$466840.10
645,Veronike,Biddleston,vbiddlestonhw@flavors.me,Female,Peru,Celendín,,Grand Vitara,2022-02-26,$550279.41
646,Davidson,Galletly,dgalletlyhx@wsj.com,Male,Indonesia,Wanurian,,Tempo,2022-02-26,$131885.90
647,Nathaniel,Landsborough,nlandsboroughhy@vkontakte.ru,Male,Kosovo,Orahovac,,Mustang,2022-02-26,$591710.85
648,Mark,Broodes,mbroodeshz@hud.gov,Agender,Indonesia,Ngedhusuba,,LeSabre,2022-02-26,$231560.28
649,Angele,Varey,avareyi0@pcworld.com,Male,Portugal,Pedrogão,Castelo Branco,Econoline E150,2022-02-26,$212592.09
650,Bernadine,Huncoot,bhuncooti1@reuters.com,Female,Albania,Otllak,,Bonneville,2022-02-26,$377821.73
651,Caprice,Matonin,cmatonini2@ameblo.jp,Female,Guatemala,Cajolá,,G,2022-02-26,$151897.77
652,Berkly,Ridler,bridleri3@google.ru,Female,Poland,Miechów Charsznica,,RL,2022-02-26,$373888.89
653,Bowie,Maevela,bmaevelai4@sun.com,Male,Luxembourg,Lenningen,,Suburban 1500,2022-02-26,$446110.68
654,Dominica,Pepler,dpepleri5@ftc.gov,Female,China,Wuyang,,S-Class,2022-02-26,$110290.39
655,Zacharias,Bisterfeld,zbisterfeldi6@xinhuanet.com,Female,Indonesia,Dungkek Laok,,Corvette,2022-02-26,$494778.94
656,Balduin,Seif,bseifi7@abc.net.au,Male,Philippines,Buenavista,,M6,2022-02-26,$369931.57
657,Cy,Staresmeare,cstaresmearei8@weibo.com,Male,Peru,Olleros,,1500 Club Coupe,2022-02-26,$441810.72
658,Jojo,Burtonwood,jburtonwoodi9@wikia.com,Male,Canada,Okanagan,British Columbia,FX,2022-02-26,$135038.79
659,Ingunna,Glanert,iglanertia@gov.uk,Female,Portugal,Bairro dos Marinheiros,Setúbal,Classic,2022-02-26,$325339.37
660,Odella,Healing,ohealingib@feedburner.com,Female,Syria,As Suqaylibīyah,,430,2022-02-26,$157927.24
661,Amelina,Timewell,atimewellic@oakley.com,Female,Philippines,Irasan,,X-Type,2022-02-26,$508662.69
662,Maggy,Raithmill,mraithmillid@123-reg.co.uk,Male,Portugal,Vale Boeiro,Setúbal,Amigo,2022-02-26,$490974.46
663,Jeno,Hamblin,jhamblinie@netlog.com,Male,China,Hongtu,,Grand Vitara,2022-02-26,$370496.14
664,Angeli,Ayling,aaylingif@uiuc.edu,Agender,Belarus,Shchuchin,,S2000,2022-02-26,$334530.48
665,Bernette,Jedryka,bjedrykaig@scribd.com,Male,Chile,Melipilla,,Jetta,2022-02-26,$409407.16
666,Florence,Lackney,flackneyih@oracle.com,Female,Micronesia,Lamotrek,,DeVille,2022-02-26,$599009.83
667,Horatio,Ragg,hraggii@1und1.de,Female,Portugal,Barroco,Porto,ES,2022-02-26,$168189.81
668,Udale,Sherbourne,usherbourneij@alexa.com,Polygender,Morocco,Tanalt,,Jetta,2022-02-26,$317250.70
669,Britt,Yude,byudeik@elpais.com,Genderfluid,United States,Richmond,Virginia,Swift,2022-02-26,$480476.71
670,Laurena,Charlon,lcharlonil@fc2.com,Male,Portugal,Santa Iria de Azóia,Lisboa,2500,2022-02-26,$172190.13
671,Rosene,Gawen,rgawenim@sphinn.com,Female,Colombia,Jamundí,,D250 Club,2022-02-26,$146755.81
672,Kamilah,Blinman,kblinmanin@istockphoto.com,Female,Indonesia,Babakankiray,,Avalanche 1500,2022-02-26,$560852.77
673,Cynthie,McEwen,cmcewenio@fda.gov,Non-binary,Poland,Warlubie,,SC,2022-02-26,$507541.45
674,Matelda,Bergen,mbergenip@upenn.edu,Male,China,Jiuhe,,Alero,2022-02-26,$189094.34
675,Michal,Slixby,mslixbyiq@va.gov,Female,Indonesia,Tongbang,,Torino,2022-02-26,$539109.26
676,Ange,Matejka,amatejkair@edublogs.org,Female,Iran,Tāybād,,Reatta,2022-02-26,$367880.75
677,Berni,Farthing,bfarthingis@dyndns.org,Male,France,Croissy-sur-Seine,Île-de-France,626,2022-02-26,$117323.60
678,Kalindi,Heaton,kheatonit@live.com,Male,Argentina,Villa Atamisqui,,Pilot,2022-02-26,$409230.71
679,Claire,Falconer,cfalconeriu@theglobeandmail.com,Female,Indonesia,Ancol,,Traverse,2022-02-26,$140242.05
680,Sibella,Stark,sstarkiv@desdev.cn,Male,China,Houyu,,Elantra,2022-02-26,$402044.94
681,Robyn,Dradey,rdradeyiw@imdb.com,Female,France,Lyon,Rhône-Alpes,Legacy,2022-02-26,$329212.46
682,Padriac,Stratton,pstrattonix@census.gov,Female,Indonesia,Ngarus,,Topaz,2022-02-26,$158288.08
683,Kiley,Stilgo,kstilgoiy@linkedin.com,Male,Thailand,Khao Kho,,Sundance,2022-02-26,$102944.41
684,Garry,Rixon,grixoniz@rambler.ru,Female,Argentina,Chazón,,Festiva,2022-02-26,$137754.91
685,Sofie,Campaigne,scampaignej0@123-reg.co.uk,Female,Indonesia,Busalangga,,240SX,2022-02-26,$219374.91
686,Marion,Tertre,mtertrej1@netlog.com,Female,Poland,Reda,,Jetta,2022-02-26,$470991.35
687,Orran,Heatly,oheatlyj2@t.co,Male,Tajikistan,Danghara,,Dakota Club,2022-02-26,$505407.08
688,Decca,Osorio,dosorioj3@dagondesign.com,Female,Indonesia,Umpak,,LeMans,2022-02-26,$420026.19
689,Madelin,Shirlaw,mshirlawj4@ucoz.ru,Female,Sweden,Habo,Jönköping,C70,2022-02-26,$183534.05
690,Mathew,Lamputt,mlamputtj5@fastcompany.com,Female,Canada,Matagami,Québec,Navigator L,2022-02-26,$208714.56
691,Kean,Barnwall,kbarnwallj6@seattletimes.com,Male,Mexico,Petrolera,Veracruz Llave,Range Rover Sport,2022-02-26,$135178.33
692,Mellicent,Jiroutek,mjiroutekj7@shareasale.com,Female,Brazil,Nerópolis,,Grand Cherokee,2022-02-26,$116128.28
693,Karyl,Guilloux,kguillouxj8@china.com.cn,Male,Morocco,Taza,,2500,2022-02-26,$326768.10
694,Duke,Challiss,dchallissj9@livejournal.com,Female,Belarus,Khotsimsk,,Miata MX-5,2022-02-26,$528545.10
695,Jock,Batman,jbatmanja@list-manage.com,Female,Portugal,Castanheira,Viana do Castelo,Esprit,2022-02-26,$412311.14
696,Iorgo,Guys,iguysjb@flavors.me,Female,Ukraine,L'viv,,Silverado 1500,2022-02-26,$411664.76
697,Christoper,Geddes,cgeddesjc@godaddy.com,Male,Portugal,Vilarinho da Castanheira,Bragança,Pathfinder,2022-02-26,$558500.88
698,Hobie,Siemens,hsiemensjd@flavors.me,Male,Indonesia,Krajan,,Titan,2022-02-26,$409198.54
699,Ivette,Lesley,ilesleyje@newsvine.com,Female,Russia,Chernogorsk,,Montero,2022-02-26,$308618.96
700,Calypso,Margach,cmargachjf@google.fr,Male,Poland,Sieradza,,B-Series,2022-02-26,$319688.12
701,Jerrie,Pettecrew,jpettecrewjg@yandex.ru,Female,Uganda,Mayuge,,Park Avenue,2022-02-26,$596798.87
702,Cinda,Dumbarton,cdumbartonjh@fotki.com,Male,Poland,Kabaty,,LaCrosse,2022-02-26,$584360.20
703,Olva,Bermingham,oberminghamji@goo.gl,Male,Belarus,Enyerhyetykaw,,Continental,2022-02-26,$363200.21
704,Nils,Jowle,njowlejj@ted.com,Female,United Kingdom,Birmingham,England,CLK-Class,2022-02-26,$377168.90
705,Alysa,Cail,acailjk@spiegel.de,Female,Iran,Gonābād,,4Runner,2022-02-26,$289362.61
706,Martica,Bowdidge,mbowdidgejl@vimeo.com,Male,Vietnam,Quế Sơn,,Silverado 2500,2022-02-26,$220766.86
707,Dannie,Carl,dcarljm@archive.org,Male,Venezuela,Santa Bárbara,,S60,2022-02-26,$418011.78
708,Ramsay,Seiller,rseillerjn@mozilla.com,Male,Poland,Sieniawa Żarska,,Countach,2022-02-26,$141455.19
709,Elmira,Spadeck,espadeckjo@jimdo.com,Agender,United States,Asheville,North Carolina,F-Series,2022-02-26,$121005.01
710,Jeni,Sharphouse,jsharphousejp@businessinsider.com,Male,Ukraine,Verkhn’odniprovs’k,,Alcyone SVX,2022-02-26,$128492.29
711,Ira,Klageman,iklagemanjq@usa.gov,Female,Russia,Kardzhin,,Yukon,2022-02-26,$145251.53
712,Rolando,Southway,rsouthwayjr@cocolog-nifty.com,Female,Indonesia,Krajan Karangsari,,Maxima,2022-02-26,$421069.64
713,Carce,Glas,cglasjs@unesco.org,Female,Croatia,Omiš,,Corvette,2022-02-26,$564676.66
714,Daryl,McBean,dmcbeanjt@ebay.com,Female,Portugal,Barão de São Miguel,Faro,Viper,2022-02-26,$416128.33
715,Vassili,Stiles,vstilesju@linkedin.com,Female,Egypt,Kafr az Zayyāt,,R32,2022-02-26,$553994.61
716,Taffy,Brookes,tbrookesjv@go.com,Male,Indonesia,Leuwibuleud,,S60,2022-02-26,$367924.50
717,Debbie,McCuis,dmccuisjw@marriott.com,Female,Ukraine,Utkivka,,ES,2022-02-26,$498614.08
718,Isaiah,McAdam,imcadamjx@buzzfeed.com,Female,Peru,La Unión,,S4,2022-02-26,$432541.29
719,Clemente,Farr,cfarrjy@mapquest.com,Male,Mauritius,Cluny,,Range Rover,2022-02-26,$457031.85
720,Casie,Hendricks,chendricksjz@webmd.com,Male,Indonesia,Pasirlaja,,Accent,2022-02-26,$171982.69
721,Page,Sommers,psommersk0@wisc.edu,Female,Portugal,Prainha de Baixo,Ilha do Pico,911,2022-02-26,$255836.05
722,Patrizia,Guttridge,pguttridgek1@liveinternet.ru,Female,United States,Houston,Texas,911,2022-02-26,$115033.22
723,Corinna,Cosgry,ccosgryk2@blogger.com,Female,China,Baiyan,,Pajero,2022-02-26,$546804.40
724,Ysabel,Dimbylow,ydimbylowk3@wunderground.com,Male,Indonesia,Plataran,,CLS-Class,2022-02-26,$591809.84
725,Gabi,Runcieman,grunciemank4@netlog.com,Genderqueer,Japan,Morioka-shi,,NX,2022-02-26,$460083.25
726,Meta,Banck,mbanckk5@apache.org,Male,France,Strasbourg,Alsace,A6,2022-02-26,$347295.43
727,Lonna,Banes,lbanesk6@acquirethisname.com,Male,Burkina Faso,Tenkodogo,,Lucerne,2022-02-26,$115756.02
728,Kaitlyn,Metcalfe,kmetcalfek7@issuu.com,Male,Cambodia,Kampong Chhnang,,LFA,2022-02-26,$389448.52
729,Virgilio,Freyne,vfreynek8@mapy.cz,Male,Sweden,Stenungsund,Västra Götaland,Quattroporte,2022-02-26,$305994.95
730,Quentin,Averall,qaverallk9@jalbum.net,Female,Philippines,Santa Rita,,Crown Victoria,2022-02-26,$555287.08
731,Candida,MacIlraith,cmacilraithka@java.com,Male,Canada,Danville,Québec,RX-7,2022-02-26,$524452.12
732,Umberto,Parr,uparrkb@cloudflare.com,Female,China,Fenghuangshan,,Ram 50,2022-02-26,$255342.17
733,Marylee,McAvaddy,mmcavaddykc@aol.com,Male,Croatia,Komiža,,Mustang,2022-02-26,$282409.77
734,Farley,Dulson,fdulsonkd@qq.com,Male,Indonesia,Grati Satu,,745,2022-02-26,$288955.94
735,Arvin,Seydlitz,aseydlitzke@dell.com,Male,Italy,Roma,Lazio,Sable,2022-02-26,$465394.77
736,Faber,Andrasch,fandraschkf@stumbleupon.com,Male,France,Chamalières,Auvergne,Regal,2022-02-26,$477426.15
737,Janel,Robbings,jrobbingskg@ow.ly,Male,Indonesia,Suru,,Aurora,2022-02-26,$119447.38
738,Aimee,Bleakley,ableakleykh@cpanel.net,Genderfluid,Indonesia,Suwaru,,PT Cruiser,2022-02-26,$471696.30
739,Edyth,Hurd,ehurdki@dedecms.com,Male,France,Montpellier,Languedoc-Roussillon,Ram 1500,2022-02-26,$502253.23
740,Sharia,Limming,slimmingkj@stanford.edu,Male,Brazil,Carolina,,Aerio,2022-02-26,$579052.46
741,Rozamond,Beaford,rbeafordkk@instagram.com,Male,Poland,Głuchołazy,,Ram Van B150,2022-02-26,$250712.87
742,Bernita,Siggers,bsiggerskl@umn.edu,Female,Indonesia,Kalabahi,,CX-7,2022-02-26,$509024.31
743,Elaina,Josephy,ejosephykm@go.com,Female,Thailand,Yarang,,Tredia,2022-02-26,$544284.80
744,Matthew,Shanklin,mshanklinkn@census.gov,Female,Russia,Novospasskoye,,Element,2022-02-26,$481380.06
745,Sapphira,Gell,sgellko@fastcompany.com,Genderqueer,China,Lidong,,G6,2022-02-26,$237167.70
746,Alejandra,Muslim,amuslimkp@feedburner.com,Male,Philippines,Olutanga,,Precis,2022-02-26,$547121.11
747,Minetta,Elce,melcekq@nationalgeographic.com,Female,France,Orléans,Centre,S80,2022-02-26,$188957.05
748,Nancey,Baty,nbatykr@europa.eu,Female,Argentina,Tafí del Valle,,Pacifica,2022-02-26,$301889.08
749,Carmen,Feild,cfeildks@sitemeter.com,Genderfluid,Russia,Vidnoye,,Elise,2022-02-26,$151076.77
750,Sheba,Vinnick,svinnickkt@freewebs.com,Male,Indonesia,Dalo,,Frontier,2022-02-26,$128064.95
751,Guinevere,Fronks,gfronksku@sakura.ne.jp,Female,Portugal,Oliveira de Baixo,Viseu,Phantom,2022-02-26,$228018.01
752,Jereme,Burchatt,jburchattkv@smh.com.au,Female,Thailand,Lao Suea Kok,,Z4,2022-02-26,$394858.17
753,Hugh,Thamelt,hthameltkw@typepad.com,Male,Finland,Kuhmo,,500E,2022-02-26,$275802.38
754,Imojean,Malmar,imalmarkx@sfgate.com,Male,Poland,Cieplice Śląskie Zdrój,,Boxster,2022-02-26,$206923.07
755,Maiga,Neles,mnelesky@hhs.gov,Female,Bosnia and Herzegovina,Pjanići,,LS,2022-02-26,$388696.84
756,Fletcher,Cordie,fcordiekz@cocolog-nifty.com,Male,Serbia,Stepanovićevo,,Grand Marquis,2022-02-26,$502732.22
757,Lanna,Romaynes,lromaynesl0@ezinearticles.com,Female,Philippines,Mangero,,RX-8,2022-02-26,$581664.36
758,Dillie,Extal,dextall1@discuz.net,Agender,Brazil,Capela,,Corvette,2022-02-26,$448487.66
759,Esteban,Clohissy,eclohissyl2@va.gov,Male,Guyana,Mahdia,,G-Series G30,2022-02-26,$167919.89
760,Celeste,Berrisford,cberrisfordl3@xing.com,Male,China,Xichangmen,,Park Avenue,2022-02-26,$260906.86
761,Hastings,Threadgold,hthreadgoldl4@cdc.gov,Female,Vietnam,Thị Trấn Thất Khê,,F250,2022-02-26,$419984.93
762,Ralph,Hawgood,rhawgoodl5@devhub.com,Male,Dominican Republic,Mao,,Legacy,2022-02-26,$406250.28
763,Dalis,Burkinshaw,dburkinshawl6@archive.org,Female,Greece,Alistráti,,MX-5,2022-02-26,$471183.31
764,Raphaela,Kellough,rkelloughl7@admin.ch,Male,Colombia,Buenaventura,,Sportage,2022-02-26,$323777.66
765,Culver,Fogarty,cfogartyl8@taobao.com,Bigender,China,Hongjiazui,,CR-V,2022-02-26,$300163.55
766,Bette-ann,Greenrod,bgreenrodl9@zdnet.com,Male,Austria,Salzburg,Salzburg,Grand Vitara,2022-02-26,$135183.79
767,Paulie,Archbould,parchbouldla@unicef.org,Female,South Africa,Alice,,Discovery,2022-02-26,$596952.56
768,Ferdinande,Pattrick,fpattricklb@bizjournals.com,Male,Portugal,Buarcos,Coimbra,530,2022-02-26,$120021.58
769,Tomi,McCord,tmccordlc@skype.com,Female,China,Baiyashi,,S4,2022-02-26,$508918.09
770,Sydney,Crosfield,scrosfieldld@economist.com,Female,Portugal,São Paio de Gramaços,Coimbra,Versa,2022-02-26,$313627.92
771,Kerstin,Mowen,kmowenle@usda.gov,Female,Colombia,San Juan del Cesar,,Ram 2500,2022-02-26,$376860.59
772,Frederich,Beveredge,fbeveredgelf@macromedia.com,Female,China,Mizhou,,Ram 2500 Club,2022-02-26,$128788.75
773,Adelice,Worcester,aworcesterlg@mysql.com,Female,Armenia,Prroshyan,,Escort,2022-02-26,$283652.90
774,Matthaeus,McClary,mmcclarylh@mayoclinic.com,Male,Czech Republic,Zabrušany,,CLK-Class,2022-02-26,$284379.48
775,Durward,Dutton,dduttonli@github.com,Female,China,Lantang,,929,2022-02-26,$451437.15
776,Ermina,Nuth,enuthlj@msn.com,Female,China,Fangqiang,,V90,2022-02-26,$440433.69
777,Livvie,Turk,lturklk@guardian.co.uk,Female,Russia,Chiri-Yurt,,LS,2022-02-26,$113383.65
778,Roxy,Pook,rpookll@bing.com,Genderqueer,Indonesia,Hila,,Passat,2022-02-26,$406097.14
779,Wendie,Yakunchikov,wyakunchikovlm@edublogs.org,Female,China,Pucheng,,EXP,2022-02-26,$280893.31
780,Tasha,Lant,tlantln@furl.net,Female,Benin,Bassila,,C-Class,2022-02-26,$401614.82
781,Stinky,Fivey,sfiveylo@meetup.com,Female,Cape Verde,Espargos,,3 Series,2022-02-26,$429995.85
782,Yetta,Garatty,ygarattylp@europa.eu,Female,Slovenia,Lukovica pri Domžalah,,XC70,2022-02-26,$584199.61
783,Anastasie,Chaster,achasterlq@dion.ne.jp,Female,Poland,Lwówek Śląski,,Grand Vitara,2022-02-26,$569213.73
784,Yulma,Roly,yrolylr@deviantart.com,Male,China,Chendian,,Oasis,2022-02-26,$411792.43
785,Brannon,Oldknowe,boldknowels@sourceforge.net,Female,Indonesia,Banjar Kertasari,,F350,2022-02-26,$359701.88
786,Dona,Try,dtrylt@washingtonpost.com,Female,China,Shangtianba,,Amigo,2022-02-26,$533610.92
787,Kamillah,Matyas,kmatyaslu@bbc.co.uk,Male,Somalia,Bandarbeyla,,Voyager,2022-02-26,$217411.05
788,Thayne,Rebbeck,trebbecklv@posterous.com,Male,Greece,Filiatrá,,Vandura 1500,2022-02-26,$447922.69
789,Giacinta,Doylend,gdoylendlw@ed.gov,Female,Costa Rica,Turrialba,,V50,2022-02-26,$336737.73
790,Giorgia,Jamary,gjamarylx@google.fr,Male,Brazil,Laguna,,Altima,2022-02-26,$541997.64
791,Gracie,McGinlay,gmcginlayly@live.com,Female,Croatia,Marina,,Sonoma,2022-02-26,$188384.78
792,Barbe,Doree,bdoreelz@guardian.co.uk,Female,Kenya,Butere,,Ram 1500,2022-02-26,$256192.19
793,Aviva,Clearley,aclearleym0@blogger.com,Genderfluid,Slovenia,Pivka,,G3,2022-02-26,$596871.02
794,Jeff,Rapson,jrapsonm1@merriam-webster.com,Agender,Russia,Pashiya,,Sedona,2022-02-26,$419620.66
795,Annmaria,Mayo,amayom2@bbb.org,Female,France,Paris 15,Île-de-France,Villager,2022-02-26,$511046.56
796,Abigale,Ewdale,aewdalem3@weibo.com,Female,Brazil,Marataizes,,SL-Class,2022-02-26,$453968.81
797,Julee,Fishbourn,jfishbournm4@europa.eu,Female,Norway,Oslo,Oslo,Mustang,2022-02-26,$194739.04
798,Ansley,Pimlott,apimlottm5@google.es,Female,Denmark,Frederiksberg,Region Hovedstaden,Town Car,2022-02-26,$204898.91
799,Hilda,Blackhurst,hblackhurstm6@about.me,Genderfluid,Sweden,Borås,Västra Götaland,Swift,2022-02-26,$291597.05
800,Bessy,Burdus,bburdusm7@wikimedia.org,Female,China,Fuxin,,Phaeton,2022-02-26,$220388.92
801,Ashby,Lambertazzi,alambertazzim8@vk.com,Female,China,Meixian,,Navigator,2022-02-26,$537732.83
802,Mal,Tuffrey,mtuffreym9@ameblo.jp,Male,Guam,Tamuning-Tumon-Harmon Village,,Camaro,2022-02-26,$412070.30
803,Ailsun,Bannerman,abannermanma@nifty.com,Female,China,Shazhouba,,ES,2022-02-26,$181883.60
804,Madeline,Trehearn,mtrehearnmb@weather.com,Male,Colombia,Nunchía,,Corolla,2022-02-26,$377280.82
805,Ivette,Polland,ipollandmc@free.fr,Bigender,Portugal,Balazar,Braga,Esprit,2022-02-26,$387195.50
806,Justinian,Baughan,jbaughanmd@symantec.com,Female,Poland,Czarne,,Suburban 2500,2022-02-26,$232065.87
807,Kimbell,Enden,kendenme@geocities.jp,Male,Iran,Bandar-e Māhshahr,,H1,2022-02-26,$254818.41
808,Job,Fontaine,jfontainemf@timesonline.co.uk,Female,Philippines,Glan,,Viper,2022-02-26,$311089.70
809,Lorain,Huggens,lhuggensmg@so-net.ne.jp,Male,Russia,Sosnovoborsk,,M,2022-02-26,$446384.60
810,Silvana,Riccelli,sriccellimh@mlb.com,Female,Brazil,Catende,,Roadster,2022-02-26,$254972.84
811,Rutter,Watson,rwatsonmi@mozilla.org,Polygender,Kosovo,Kamenica,,Ram Van B350,2022-02-26,$404668.03
812,Ode,Cutcliffe,ocutcliffemj@soup.io,Non-binary,Russia,Nizhnedevitsk,,GTI,2022-02-26,$292079.55
813,Kathlin,O'Keaveny,kokeavenymk@sfgate.com,Female,Mexico,Francisco Sarabia,Chiapas,Traverse,2022-02-26,$474182.53
814,Michele,Grinov,mgrinovml@slashdot.org,Male,Peru,Buenos Aires,,del Sol,2022-02-26,$361284.01
815,Marcia,Hastin,mhastinmm@unesco.org,Female,China,Tangtu,,Corvette,2022-02-26,$373872.91
816,Tabbi,Lundbeck,tlundbeckmn@dell.com,Female,Bahamas,Governor’s Harbour,,XT,2022-02-26,$448245.74
817,Blinni,Curtis,bcurtismo@freewebs.com,Male,Peru,Huaraz,,911,2022-02-26,$249899.33
818,Sheilah,MacGinlay,smacginlaymp@dagondesign.com,Non-binary,Estonia,Maardu,,Equator,2022-02-26,$319029.30
819,Patrizius,Barkas,pbarkasmq@ucsd.edu,Male,Canada,Owen Sound,Ontario,Park Avenue,2022-02-26,$400542.26
820,Maire,Glanton,mglantonmr@acquirethisname.com,Female,Brazil,Bela Vista,,Accent,2022-02-26,$582200.78
821,Malina,Tiley,mtileyms@jigsy.com,Male,Belarus,Hlusk,,Corvette,2022-02-26,$564749.94
822,Fidole,Veeler,fveelermt@berkeley.edu,Female,China,Yanxi,,A6,2022-02-26,$289807.18
823,Tristam,Pates,tpatesmu@discuz.net,Male,Poland,Jawornik,,HHR,2022-02-26,$105143.02
824,Beverlee,Tipping,btippingmv@psu.edu,Genderfluid,Philippines,Quipot,,Aerostar,2022-02-26,$140458.01
825,Adrian,Rumsby,arumsbymw@wufoo.com,Male,Indonesia,Natu,,Forte,2022-02-26,$214091.00
826,Lyndell,O'Brogan,lobroganmx@blinklist.com,Female,Pitcairn,Adamstown,,SLK-Class,2022-02-26,$247586.60
827,Zuzana,Slopier,zslopiermy@eepurl.com,Male,China,Jiazhuyuan,,Sonoma Club Coupe,2022-02-26,$596517.79
828,Barry,Curnok,bcurnokmz@xinhuanet.com,Male,Philippines,Matabao,,Elise,2022-02-26,$380050.20
829,Cointon,Bramwell,cbramwelln0@behance.net,Genderqueer,Spain,Teruel,Aragon,Corvette,2022-02-26,$509652.23
830,Becki,Sanger,bsangern1@dmoz.org,Female,Peru,Nazca,,Protege,2022-02-26,$163586.60
831,Chrotoem,Leades,cleadesn2@businesswire.com,Male,Pakistan,Sakrand,,3500,2022-02-26,$187255.77
832,Den,Kuhlmey,dkuhlmeyn3@ebay.co.uk,Female,China,Baisha,,Entourage,2022-02-26,$565720.52
833,Ruthe,Woollcott,rwoollcottn4@discovery.com,Female,Poland,Sulbiny Górne,,Taurus X,2022-02-26,$142237.26
834,Elizabeth,Guerreru,eguerrerun5@comsenz.com,Female,China,Longsheng,,Lumina,2022-02-26,$344777.23
835,Ransom,Blackston,rblackstonn6@edublogs.org,Female,China,Shuangqiao,,Grand Prix,2022-02-26,$184606.50
836,Aurelie,Decroix,adecroixn7@scientificamerican.com,Male,Sweden,Trollhättan,Västra Götaland,Q,2022-02-26,$287555.10
837,Kleon,Frusher,kfrushern8@shareasale.com,Male,Czech Republic,Vřesina,,5 Series,2022-02-26,$152339.84
838,Hyacinthia,Gipps,hgippsn9@jigsy.com,Male,China,Xiaopu,,GS,2022-02-26,$435069.21
839,Cort,Lethbrig,clethbrigna@shinystat.com,Male,Syria,Khanāşir,,Outback,2022-02-26,$349322.76
840,Alicia,Olivier,aoliviernb@addthis.com,Polygender,Sweden,Västra Frölunda,Västra Götaland,Continental,2022-02-26,$258294.57
841,Augy,Hurren,ahurrennc@twitter.com,Female,China,Longwei,,TSX,2022-02-26,$296971.87
842,Zelda,Frangleton,zfrangletonnd@freewebs.com,Male,Indonesia,Sidowayah Lor,,Paseo,2022-02-26,$556263.40
843,Quintana,Anglin,qanglinne@etsy.com,Male,Russia,Katav-Ivanovsk,,E-Class,2022-02-26,$129540.46
844,Greta,Van Ross,gvanrossnf@bigcartel.com,Female,Indonesia,Muaralembu,,Golf,2022-02-26,$279709.72
845,Meg,Hatz,mhatzng@odnoklassniki.ru,Polygender,Indonesia,Kemuning,,SC,2022-02-26,$461693.61
846,Karlan,Curryer,kcurryernh@xing.com,Male,China,Wupu,,SL-Class,2022-02-26,$225505.69
847,Rosmunda,Abrahami,rabrahamini@sourceforge.net,Male,Peru,Congas,,Diamante,2022-02-26,$276451.31
848,Jacquenette,Pavlasek,jpavlaseknj@delicious.com,Female,Russia,Manas,,Firefly,2022-02-26,$474338.96
849,Tabitha,Shenley,tshenleynk@noaa.gov,Female,Canada,Danville,Québec,MKX,2022-02-26,$414935.44
850,Isadora,Benneton,ibennetonnl@cyberchimps.com,Female,Brazil,São Mateus do Sul,,A4,2022-02-26,$524420.93
851,Abbye,Denford,adenfordnm@blinklist.com,Polygender,Mongolia,Duut,,Avalon,2022-02-26,$393011.76
852,Edmund,Northover,enorthovernn@berkeley.edu,Male,China,Lingcheng,,928,2022-02-26,$474515.24
853,Lynea,Dudhill,ldudhillno@google.fr,Male,Russia,Petrovskaya,,Discovery,2022-02-26,$441331.65
854,Sammie,Petrusch,spetruschnp@businessinsider.com,Female,Greece,Vólos,,Tundra,2022-02-26,$138709.53
855,Greta,Goodbourn,ggoodbournnq@behance.net,Female,Brazil,Sananduva,,S6,2022-02-26,$246612.65
856,Manuel,Goldney,mgoldneynr@boston.com,Female,China,Baitu,,Bronco II,2022-02-26,$243734.02
857,Witty,Jozsika,wjozsikans@cpanel.net,Male,France,Castelsarrasin,Midi-Pyrénées,Optima,2022-02-26,$235784.18
858,Andeee,Cullum,acullumnt@businessinsider.com,Female,China,Jimo,,Savana 3500,2022-02-26,$183630.35
859,Carie,Gouldbourn,cgouldbournnu@bandcamp.com,Female,Russia,Pavlovskaya,,XC70,2022-02-26,$120134.08
860,Evangelia,Childrens,echildrensnv@yelp.com,Genderqueer,Pakistan,Shabqadar,,Town Car,2022-02-26,$435734.61
861,Yoko,Aspital,yaspitalnw@apple.com,Female,Russia,Vostryakovo,,Focus,2022-02-26,$173602.75
862,Bartholomeo,Tettley,btettleynx@webnode.com,Male,China,Wangcun,,Q5,2022-02-26,$481081.25
863,Phyllis,Ranvoise,pranvoiseny@nifty.com,Male,Slovenia,Sv. Trojica v Slov. Goricah,,Cabriolet,2022-02-26,$487438.84
864,Giustino,Hallex,ghallexnz@flavors.me,Female,Kazakhstan,Shymkent,,9000,2022-02-26,$327100.47
865,Ariel,Niche,anicheo0@free.fr,Female,Japan,Ijūin,,3 Series,2022-02-26,$541724.04
866,Reggis,Ree,rreeo1@squidoo.com,Female,China,Magang,,Silhouette,2022-02-26,$461458.73
867,Rafe,Formigli,rformiglio2@miitbeian.gov.cn,Male,France,Amiens,Picardie,Yukon XL 1500,2022-02-26,$348707.92
868,Robyn,Kneebone,rkneeboneo3@friendfeed.com,Male,Yemen,Al Wuday‘,,Sonoma,2022-02-26,$111950.64
869,Chad,Smullen,csmulleno4@psu.edu,Male,Philippines,Calinog,,IS,2022-02-26,$196453.71
870,Susi,Foston,sfostono5@oakley.com,Male,South Africa,Bergvliet,,MX-3,2022-02-26,$310150.97
871,Rossy,Lorking,rlorkingo6@digg.com,Female,Australia,Sydney,New South Wales,Impala,2022-02-26,$202907.14
872,Harlin,Hansie,hhansieo7@engadget.com,Female,Japan,Sasayama,,F430,2022-02-26,$220881.56
873,Jessie,Yaxley,jyaxleyo8@businessweek.com,Female,Dominican Republic,Cana Chapetón,,Titan,2022-02-26,$253110.67
874,Ruthanne,Choke,rchokeo9@facebook.com,Male,Mauritius,Flic en Flac,,Fleetwood,2022-02-26,$402692.62
875,Karmen,Biddell,kbiddelloa@ifeng.com,Male,China,Qingshui,,CR-X,2022-02-26,$298975.56
876,Paula,Well,pwellob@reddit.com,Male,North Korea,T’ongch’ŏn-ŭp,,Scoupe,2022-02-26,$337532.04
877,Frayda,Kilmurray,fkilmurrayoc@soup.io,Female,Panama,Cerro Punta,,ES,2022-02-26,$584484.30
878,Tawsha,Cotgrove,tcotgroveod@pinterest.com,Male,France,Montrouge,Île-de-France,Vandura 2500,2022-02-26,$321824.78
879,Sari,Kiossel,skiosseloe@nba.com,Polygender,China,Qidi,,500SEC,2022-02-26,$445459.54
880,Nita,Shickle,nshickleof@sphinn.com,Male,Indonesia,Timba Timuk,,4Runner,2022-02-26,$295211.51
881,Alfredo,Trillo,atrilloog@ox.ac.uk,Male,Yemen,Burūm,,Matrix,2022-02-26,$524188.72
882,Randi,Scawton,rscawtonoh@soundcloud.com,Male,Finland,Varkaus,,Legacy,2022-02-26,$334243.90
883,Antonie,Fearnley,afearnleyoi@homestead.com,Male,Indonesia,Tanggulangin,,Monte Carlo,2022-02-26,$420331.08
884,Heloise,Cowthard,hcowthardoj@multiply.com,Female,Canada,Ferme-Neuve,Québec,GLI,2022-02-26,$233898.51
885,Fidelity,Adamski,fadamskiok@indiegogo.com,Male,Indonesia,Munde,,Caravan,2022-02-26,$300702.60
886,Ardeen,Donaher,adonaherol@whitehouse.gov,Agender,Turkmenistan,Annau,,Sienna,2022-02-26,$470179.89
887,Lodovico,Wellbelove,lwellbeloveom@nasa.gov,Female,Russia,Vatutino,,3000GT,2022-02-26,$490824.99
888,Janel,Christer,jchristeron@ebay.co.uk,Male,China,Henggouqiao,,Galant,2022-02-26,$396286.57
889,Peria,Portsmouth,pportsmouthoo@abc.net.au,Female,Mexico,Emiliano Zapata,Mexico,Blazer,2022-02-26,$550042.40
890,Jasmin,Sipson,jsipsonop@blog.com,Female,Libya,Gharyan,,C-Class,2022-02-26,$305738.56
891,Tilda,Whittlesea,twhittleseaoq@example.com,Female,Spain,Madrid,Madrid,RL,2022-02-26,$396022.49
892,Ramona,Calbert,rcalbertor@abc.net.au,Female,Mongolia,Horgo,,F250,2022-02-26,$456584.29
893,Corbie,Bisp,cbispos@weather.com,Male,Portugal,Horta,Guarda,Sierra 2500,2022-02-26,$566100.98
894,Sile,Drysdale,sdrysdaleot@china.com.cn,Genderfluid,Philippines,Barili,,Passat,2022-02-26,$461278.62
895,Jimmie,Mercer,jmercerou@google.com,Female,Paraguay,Nemby,,Wrangler,2022-02-26,$284949.41
896,Bertine,Tuppeny,btuppenyov@webeden.co.uk,Female,Sierra Leone,Freetown,,Aurora,2022-02-26,$485365.88
897,Eldredge,Ech,eechow@e-recht24.de,Polygender,Indonesia,Jayapura,,Quest,2022-02-26,$378299.09
898,Roana,Brimmell,rbrimmellox@ibm.com,Male,Sri Lanka,Valvedditturai,,Suburban 2500,2022-02-26,$164861.79
899,Dani,Yearnsley,dyearnsleyoy@blogger.com,Male,China,Nanshi,,STS,2022-02-26,$384268.67
900,Georgina,Abby,gabbyoz@businessinsider.com,Female,Indonesia,Paokmotong Utara,,MDX,2022-02-26,$140602.07
901,Whit,Skeffington,wskeffingtonp0@forbes.com,Male,Indonesia,Tarakan,,Crown Victoria,2022-02-26,$328869.50
902,Jose,Milillo,jmilillop1@tiny.cc,Non-binary,Peru,Congas,,Cobalt,2022-02-26,$211431.87
903,Trudy,Broggio,tbroggiop2@telegraph.co.uk,Female,Indonesia,Waepau,,SL-Class,2022-02-26,$234558.51
904,Ambrosio,Mountlow,amountlowp3@china.com.cn,Female,Russia,Pesochnoye,,Suburban 2500,2022-02-26,$216808.94
905,Gael,Havick,ghavickp4@fema.gov,Female,Brazil,Caxias,,B-Series,2022-02-26,$271791.57
906,Lissi,Findlater,lfindlaterp5@live.com,Male,Afghanistan,Quchanghī,,Town Car,2022-02-26,$586858.95
907,Rafa,Greyes,rgreyesp6@thetimes.co.uk,Female,Syria,Tallkalakh,,Quest,2022-02-26,$385099.35
908,Herminia,Ogglebie,hogglebiep7@cdc.gov,Female,China,Henghe,,Grand Cherokee,2022-02-26,$387428.90
909,Shaun,Rosendahl,srosendahlp8@harvard.edu,Female,France,Marseille,Provence-Alpes-Côte d'Azur,xB,2022-02-26,$155627.15
910,Artus,Tomson,atomsonp9@google.de,Male,Pakistan,Hadāli,,Silverado 2500,2022-02-26,$201569.62
911,Jilli,Bakewell,jbakewellpa@tumblr.com,Female,China,Zeguo,,V70,2022-02-26,$547594.30
912,Isidoro,Repp,irepppb@nymag.com,Female,Indonesia,Krajan Gajahmati,,NSX,2022-02-26,$274094.34
913,Mac,Musto,mmustopc@arizona.edu,Male,Greenland,Upernavik,,Corolla,2022-02-26,$108911.66
914,Kelcie,Scruton,kscrutonpd@vistaprint.com,Male,Finland,Äänekoski,,Cavalier,2022-02-26,$300547.27
915,Kearney,Ibbitson,kibbitsonpe@foxnews.com,Male,Croatia,Vukojevci,,Paseo,2022-02-26,$329316.77
916,Sonia,Gowdridge,sgowdridgepf@theglobeandmail.com,Male,Portugal,Estela,Porto,TT,2022-02-26,$136120.72
917,Idelle,Dennick,idennickpg@nasa.gov,Female,Portugal,São Sebastião,Ilha Terceira,Silverado 2500,2022-02-26,$175188.58
918,Bennie,Fer,bferph@google.co.uk,Male,Russia,Pyatnitskoye,,Aerostar,2022-02-26,$381254.22
919,Tammie,Negus,tneguspi@1und1.de,Male,Philippines,Beddeng,,Land Cruiser,2022-02-26,$506834.85
920,Trixie,Basire,tbasirepj@wikimedia.org,Male,United States,Houston,Texas,Jimmy,2022-02-26,$497255.36
921,Tiff,Pontin,tpontinpk@furl.net,Male,China,Caicun,,X5 M,2022-02-26,$504241.49
922,Smith,Karmel,skarmelpl@gravatar.com,Male,South Africa,Pofadder,,960,2022-02-26,$220972.10
923,Enriqueta,Ebhardt,eebhardtpm@comsenz.com,Female,Colombia,Carepa,,GT-R,2022-02-26,$248334.03
924,Ken,Parr,kparrpn@51.la,Male,Greece,Angelochóri,,E350,2022-02-26,$457542.08
925,Ambrose,East,aeastpo@sfgate.com,Male,Sweden,Älvsjö,Stockholm,Grand Vitara,2022-02-26,$164088.53
926,Bernardina,Ferens,bferenspp@facebook.com,Male,Indonesia,Waiklibang,,H3T,2022-02-26,$119209.97
927,Jesse,Synnot,jsynnotpq@angelfire.com,Male,Portugal,Gandra,Porto,Rally Wagon G2500,2022-02-26,$243264.42
928,Isidore,Smitheram,ismitherampr@apple.com,Female,Afghanistan,Maymana,,1500,2022-02-26,$107154.12
929,Gilemette,Rothon,grothonps@feedburner.com,Male,Russia,Kalino,,Prius,2022-02-26,$137828.67
930,Cordelia,Ashpital,cashpitalpt@amazon.co.jp,Male,China,Xianghua,,MX-5,2022-02-26,$388577.55
931,Ricki,Willingale,rwillingalepu@apache.org,Male,Czech Republic,Zbýšov,,GS,2022-02-26,$237665.40
932,Trent,Reijmers,treijmerspv@businessinsider.com,Male,China,Jianqiao,,Forte,2022-02-26,$567374.74
933,Powell,Keysall,pkeysallpw@hud.gov,Female,France,Futuroscope,Poitou-Charentes,Achieva,2022-02-26,$510551.00
934,Clifford,Rattery,cratterypx@ed.gov,Female,Sweden,Tanumshede,Västra Götaland,Cobalt,2022-02-26,$165133.75
935,Collete,Antoniazzi,cantoniazzipy@prnewswire.com,Male,Cuba,Boyeros,,Regal,2022-02-26,$143561.39
936,Jeremiah,Kestin,jkestinpz@foxnews.com,Female,Russia,Sinegor'ye,,Laser,2022-02-26,$236724.84
937,Licha,Rathbourne,lrathbourneq0@mit.edu,Female,Sweden,Katrineholm,Södermanland,SJ,2022-02-26,$217628.87
938,Claude,Dudek,cdudekq1@mtv.com,Male,Philippines,Mambulo,,IS,2022-02-26,$397857.77
939,Odette,Leethem,oleethemq2@state.gov,Male,Cameroon,Tonga,,944,2022-02-26,$288372.09
940,Debby,Beetham,dbeethamq3@bbc.co.uk,Female,United States,Los Angeles,California,G37,2022-02-26,$283212.79
941,Sharona,Cescot,scescotq4@myspace.com,Male,Iran,Mehrān,,Rally Wagon 2500,2022-02-26,$541753.82
942,Penrod,Timbrell,ptimbrellq5@cmu.edu,Male,Serbia,Platičevo,,TrailBlazer,2022-02-26,$500622.33
943,Tatum,Laughnan,tlaughnanq6@cargocollective.com,Male,China,Xishiqiao,,Monterey,2022-02-26,$117577.11
944,Hakeem,Breazeall,hbreazeallq7@liveinternet.ru,Male,Tajikistan,Neftobod,,Montero,2022-02-26,$156862.31
945,Pammi,Leades,pleadesq8@amazon.co.uk,Female,Serbia,Stari Grad,,Santa Fe,2022-02-26,$410532.48
946,Aarika,Gresham,agreshamq9@wikipedia.org,Male,Russia,Privodino,,Flex,2022-02-26,$517162.07
947,Mendel,Norfolk,mnorfolkqa@miitbeian.gov.cn,Male,Thailand,Photharam,,Express 2500,2022-02-26,$378845.82
948,Anna-diane,McGairl,amcgairlqb@ifeng.com,Male,Brazil,Uberaba,,Express 3500,2022-02-26,$117220.31
949,Fonsie,Shopcott,fshopcottqc@home.pl,Female,Finland,Varkaus,,LeSabre,2022-02-26,$121846.35
950,Odessa,Seston,osestonqd@bing.com,Male,China,Changning,,Corolla,2022-02-26,$173263.69
951,Barth,Sumsion,bsumsionqe@so-net.ne.jp,Female,Indonesia,Sedandang,,Phantom,2022-02-26,$140443.98
952,Addi,Madgewick,amadgewickqf@amazon.de,Male,Russia,Cheremnoye,,CX-9,2022-02-26,$225049.04
953,Iolande,Lockie,ilockieqg@ezinearticles.com,Male,Chile,El Monte,,Patriot,2022-02-26,$476492.01
954,Brander,Hirsch,bhirschqh@posterous.com,Female,Syria,Iḩsim,,Relay,2022-02-26,$514424.65
955,Marwin,Pierse,mpierseqi@yelp.com,Male,Ukraine,Berezovo,,1 Series,2022-02-26,$351777.89
956,Syd,Shedd,ssheddqj@yahoo.co.jp,Female,Japan,Kameyama,,4000s,2022-02-26,$372547.21
957,Brenna,Pearcy,bpearcyqk@ox.ac.uk,Female,China,Pingdingbu,,X6,2022-02-26,$533138.33
958,Orelee,Titterell,otitterellql@loc.gov,Male,Indonesia,Mislak,,Avalanche 1500,2022-02-26,$126146.99
959,Grady,Westley,gwestleyqm@census.gov,Female,Pakistan,Mūsa Khel Bāzār,,MPV,2022-02-26,$394291.97
960,Lion,Nelmes,lnelmesqn@xinhuanet.com,Male,China,Beiqi,,Trans Sport,2022-02-26,$325352.90
961,Doreen,Russell,drussellqo@hao123.com,Male,China,Danxia,,H1,2022-02-26,$297768.95
962,Lorry,Arguile,larguileqp@reuters.com,Female,Indonesia,Genengan Kulon,,98,2022-02-26,$118259.78
963,Georgiana,Babst,gbabstqq@theatlantic.com,Male,Japan,Beppu,,Firefly,2022-02-26,$289742.42
964,Miltie,Cuncliffe,mcuncliffeqr@state.gov,Male,Greece,Karátoulas,,F430,2022-02-26,$519350.68
965,Mala,Kitson,mkitsonqs@prnewswire.com,Female,Uruguay,Santa Bernardina,,L-Series,2022-02-26,$566207.25
966,Durant,Peaseman,dpeasemanqt@engadget.com,Male,Sweden,Johanneshov,Stockholm,Grand Prix,2022-02-26,$202206.81
967,Cordi,Chisolm,cchisolmqu@goo.gl,Female,Indonesia,Pakusari,,G6,2022-02-26,$360346.16
968,Rhiamon,Canellas,rcanellasqv@angelfire.com,Male,Bangladesh,Lakshmīpur,,B-Series Plus,2022-02-26,$556142.40
969,Olwen,Martel,omartelqw@altervista.org,Male,Ukraine,Berestechko,,Grand Caravan,2022-02-26,$261781.08
970,Jessica,O'Shesnan,joshesnanqx@chicagotribune.com,Female,Czech Republic,Podolí,,Yukon,2022-02-26,$545263.47
971,Luther,Hasselby,lhasselbyqy@dion.ne.jp,Male,Peru,San Clemente,,Outlook,2022-02-26,$494773.12
972,Kalindi,Rehn,krehnqz@techcrunch.com,Male,Philippines,Upper San Mateo,,M5,2022-02-26,$381495.00
973,Neall,Phifer,nphiferr0@nationalgeographic.com,Bigender,Indonesia,Rancanyenang,,GTO,2022-02-26,$132955.84
974,Leda,Credland,lcredlandr1@nyu.edu,Female,Portugal,Cortinhas,Porto,CTS,2022-02-26,$267267.32
975,Mozelle,Procter,mprocterr2@mapquest.com,Female,Poland,Bojadła,,Continental,2022-02-26,$238802.16
976,Chanda,Scorrer,cscorrerr3@amazon.de,Male,China,Beisijiazi,,Ridgeline,2022-02-26,$280172.71
977,Pearce,Lubman,plubmanr4@amazon.com,Male,Argentina,Villa Carlos Paz,,GLK-Class,2022-02-26,$490924.00
978,Berti,Amiable,bamiabler5@360.cn,Bigender,Ivory Coast,Agboville,,SSR,2022-02-26,$341944.41
979,Kirstin,Fiddymont,kfiddymontr6@biglobe.ne.jp,Female,China,Rencun,,Sierra,2022-02-26,$522955.24
980,Wynnie,Folan,wfolanr7@paypal.com,Male,Ukraine,Kvasy,,Gallardo,2022-02-26,$547983.41
981,Martynne,McTrusty,mmctrustyr8@mysql.com,Female,China,Hengduo,,Jetta,2022-02-26,$343072.67
982,Hakim,Ruff,hruffr9@wikimedia.org,Female,Japan,Kamojimachō-jōgejima,,Envoy,2022-02-26,$362062.34
983,Addie,Joire,ajoirera@china.com.cn,Female,Nicaragua,Managua,,Starion,2022-02-26,$523090.68
984,Kevon,Ashbey,kashbeyrb@blog.com,Female,Cuba,Bayamo,,Mark VIII,2022-02-26,$348086.21
985,Shandee,Meadus,smeadusrc@geocities.jp,Female,Poland,Mętków,,Savana 3500,2022-02-26,$279367.30
986,Raddy,Gavaran,rgavaranrd@hud.gov,Female,Bulgaria,Boychinovtsi,,300,2022-02-26,$402010.42
987,Joyce,Graeme,jgraemere@google.com.au,Male,China,Zhucun,,FX,2022-02-26,$176673.54
988,Theresita,Scowcraft,tscowcraftrf@google.it,Male,Argentina,San Fernando del Valle de Catamarca,,C-Class,2022-02-26,$243196.58
989,Louisette,Jorn,ljornrg@etsy.com,Polygender,Macedonia,Kamenjane,,Boxster,2022-02-26,$436262.12
990,Moyna,Dobney,mdobneyrh@yandex.ru,Female,Portugal,Arcos de Valdevez,Viana do Castelo,Grand Cherokee,2022-02-26,$130253.49
991,Gene,Postle,gpostleri@macromedia.com,Male,Russia,Razumnoye,,Continental,2022-02-26,$264987.73
992,Germain,Goldby,ggoldbyrj@wufoo.com,Female,China,Yafan,,LX,2022-02-26,$273657.59
993,Flss,Mungin,fmunginrk@aboutads.info,Male,China,Hekou,,2500,2022-02-26,$354638.46
994,Orren,Corstan,ocorstanrl@i2i.jp,Male,Philippines,Tocok,,MR2,2022-02-26,$491406.77
995,Peadar,Streather,pstreatherrm@godaddy.com,Male,Russia,Rodionovo-Nesvetayskaya,,Astro,2022-02-26,$124587.73
996,Delbert,Moreton,dmoretonrn@admin.ch,Male,China,Gouqi,,Courier,2022-02-26,$438954.95
997,Calv,Ortes,cortesro@hc360.com,Female,Montserrat,Brades,,5000CS Quattro,2022-02-26,$378631.89
998,Leslie,Farlow,lfarlowrp@sina.com.cn,Female,Philippines,Manquiring,,Concorde,2022-02-26,$404585.21
999,Marielle,Wasteney,mwasteneyrq@multiply.com,Female,Russia,Nizhnyaya Salda,,Landaulet,2022-02-26,$345143.90
1000,Briggs,Seers,bseersrr@drupal.org,Male,Portugal,Vilarinho,Coimbra,Sentra,2022-02-26,$532776.00
